Day fraction since midnight on 	photometer (mg/L)	photometer (volts)
0.5894904504	0.1375025660	3.5176293850
0.5895020135	0.1376342922	3.5175681114
0.5895135917	0.1376450509	3.5175631046
0.5895251605	0.1375912428	3.5175881386
0.5895367297	0.1376932263	3.5175406933
0.5895483143	0.1376194209	3.5175750256
0.5895599071	0.1376327574	3.5175688267
0.5895714598	0.1386127919	3.5171129704
0.5895830373	0.1378628910	3.5174617767
0.5895945994	0.1379828304	3.5174059868
0.5896061755	0.1379787326	3.5174078941
0.5896177704	0.1380110234	3.5173928738
0.5896293348	0.1378572434	3.5174643993
0.5896409103	0.1378300786	3.5174770355
0.5896525019	0.1378669888	3.5174598694
0.5896640556	0.1380469054	3.5173761845
0.5896756367	0.1386789083	3.5170822144
0.5896872125	0.1378874928	3.5174503326
0.5896987772	0.1379700154	3.5174119473
0.5897103455	0.1382088661	3.5173008442
0.5897219246	0.1390623450	3.5169038773
0.5897334942	0.1377977878	3.5174920559
0.5897450779	0.1381314695	3.5173368454
0.5897566368	0.1380689442	3.5173659325
0.5897682144	0.1381145567	3.5173447132
0.5897797967	0.1380781680	3.5173616409
0.5897913716	0.1382104009	3.5173001289
0.5898029514	0.1382211745	3.5172951221
0.5898145241	0.1381043047	3.5173494816
0.5898261060	0.1381617188	3.5173227787
0.5898376852	0.1382811368	3.5172672272
0.5898492430	0.1382483393	3.5172824860
0.5898608346	0.1383201033	3.5172491074
0.5898723886	0.1384902745	3.5171699524
start
0.5898839607	0.1383990347	3.5172123909
0.5898955346	0.1384523511	3.5171875954
0.5899071249	0.1382816583	3.5172669888
0.5899186984	0.1384221017	3.5172016621
0.5899302661	0.1383539289	3.5172333717
0.5899418197	0.1381652951	3.5173211098
0.5899534057	0.1383154839	3.5172512531
0.5899649792	0.1384584904	3.5171847343
0.5899765616	0.1384426057	3.5171921253
0.5899881216	0.1384420991	3.5171923637
0.5899997012	0.1384764314	3.5171763897
0.5900112711	0.1393904239	3.5167512894
0.5900228469	0.1408135891	3.5160894394
0.5900344228	0.1409668773	3.5160181522
0.5900460192	0.1453725100	3.5139698982
0.5900575605	0.1488866657	3.5123367310
0.5900691548	0.1514412016	3.5111498833
0.5900807217	0.1660949737	3.5043473244
0.5900922916	0.1734733582	3.5009257793
0.5901038850	0.1785313785	3.4985816479
0.5901154509	0.1779236794	3.4988632202
0.5901270032	0.1778470129	3.4988987446
0.5901385893	0.1896139383	3.4934494495
0.5901501689	0.2066640109	3.4855644703
0.5901617596	0.2048758119	3.4863908291
0.5901733120	0.2051430494	3.4862673283
0.5901848856	0.2122611851	3.4829788208
0.5901964694	0.2461057007	3.4673738480
0.5902080347	0.2657892704	3.4583215714
0.5902195996	0.2796214223	3.4519705772
0.5902311826	0.2925074399	3.4460616112
0.5902427696	0.3659507036	3.4125235081
0.5902543516	0.3320853412	3.4279587269
0.5902658960	0.3848222792	3.4039440155
0.5902774779	0.4973065257	3.3531284332
0.5902890575	0.4910538495	3.3559386730
0.5903006270	0.4721019864	3.3644669056
0.5903121965	0.4825564623	3.3597605228
0.5903237727	0.5051283240	3.3496153355
0.5903353518	0.5278637409	3.3394188881
0.5903469128	0.5855574608	3.3136444092
0.5903585017	0.6029193401	3.3059160709
0.5903700739	0.6014886498	3.3065524101
0.5903816607	0.7540013194	3.2392077446
0.5903932186	0.7716357112	3.2314846516
0.5904048133	0.7307512164	3.2494103909
0.5904163816	0.7116616368	3.2578043938
0.5904279403	0.8269124031	3.2073607445
0.5904395246	0.8937764168	3.1783511639
0.5904510846	0.8836021423	3.1827533245
0.5904626655	0.8730339408	3.1873304844
0.5904742393	0.9805727005	3.1409716606
0.5904858256	0.9754443169	3.1431715488
0.5904973931	1.0214517117	3.1234748363
0.5905089473	1.0856707096	3.0961270332
0.5905205384	1.0980519056	3.0908739567
0.5905320950	1.0667861700	3.1041514874
0.5905437009	1.1367954016	3.0744762421
0.5905552727	1.1478568316	3.0698058605
0.5905668312	1.2177567482	3.0404074192
0.5905784074	1.1728944778	3.0592527390
0.5905899806	1.2798906565	3.0144410133
0.5906015560	1.3129215240	3.0007002354
0.5906131326	1.3553982973	2.9830942154
0.5906247080	1.4219213724	2.9556658268
0.5906362749	1.4789890051	2.9322757721
0.5906478388	1.4794347286	2.9320936203
0.5906594358	1.3983772993	2.9653532505
0.5906709836	1.4086807966	2.9611110687
0.5906825694	1.5746860504	2.8933405876
0.5906941619	1.5543402433	2.9015884399
0.5907057179	1.6548113823	2.8610160351
0.5907172845	1.7706803083	2.8147110939
0.5907288739	1.7381994724	2.8276393414
0.5907404383	1.7662189007	2.8164844513
0.5907520153	1.7744719982	2.8132045269
0.5907635917	1.8305473328	2.7909882069
0.5907751613	1.8291300535	2.7915482521
0.5907867519	1.8117542267	2.7984204292
0.5907983165	1.8410363197	2.7868459225
0.5908098844	1.9505362511	2.7438516617
0.5908214546	1.9742915630	2.7345840931
0.5908330374	2.0084273815	2.7213039398
0.5908446087	2.0123548508	2.7197787762
0.5908561820	2.0233633518	2.7155070305
0.5908677613	2.0947380066	2.6879200935
0.5908793405	2.1658372879	2.6606276035
0.5908909004	2.1509826183	2.6663143635
0.5909024972	2.2849957943	2.6153044701
0.5909140586	2.2846345901	2.6154410839
0.5909256116	2.3363006115	2.5959498882
0.5909371925	2.3474845886	2.5917434692
0.5909487729	2.3911249638	2.5753731728
0.5909603358	2.3544237614	2.5891358852
0.5909719466	2.3470559120	2.5919046402
0.5909834950	2.4333999157	2.5595805645
0.5909950718	2.4407057762	2.5568578243
0.5910066479	2.4615657330	2.5490944386
0.5910182237	2.4635684490	2.5483498573
0.5910298046	2.5682823658	2.5096209049
0.5910413603	2.5288450718	2.5241611004
0.5910529409	2.5972764492	2.4989662170
0.5910645227	2.6408004761	2.4830279350
0.5910761010	2.6328361034	2.4859395027
0.5910876808	2.6203401089	2.4905121326
0.5910992327	2.6804177761	2.4685783386
0.5911108219	2.7437608242	2.4455895424
0.5911223944	2.7920889854	2.4281442165
0.5911339437	2.7779300213	2.4332468510
0.5911455381	2.8233597279	2.4168994427
0.5911571040	2.8570525646	2.4048216343
0.5911686965	2.8686711788	2.4006657600
0.5911802523	2.9489150047	2.3720903397
0.5911918314	2.8947136402	2.3913676739
0.5912033883	2.9577739239	2.3689491749
0.5912149814	2.9472806454	2.3726701736
0.5912265418	2.9260535240	2.3802089691
0.5912381291	2.9010283947	2.3891165257
0.5912497087	2.9535548687	2.3704447746
0.5912612766	3.0405786037	2.3397176266
0.5912728323	3.0662136078	2.3307151794
0.5912844247	3.0880892277	2.3230504990
0.5912960116	3.0790770054	2.3262062073
0.5913075631	3.0520348549	2.3356916904
0.5913191360	3.1453621387	2.3030600548
0.5913307275	3.1712138653	2.2940728664
0.5913422918	3.1701076031	2.2944569588
0.5913538710	3.1878182888	2.2883121967
0.5913654357	3.2422451973	2.2694942951
0.5913770321	3.2372171879	2.2712285519
0.5913885874	3.2929909229	2.2520377636
0.5914001592	3.2830431461	2.2554531097
0.5914117329	3.2880787849	2.2537238598
0.5914233364	3.3559737206	2.2304902077
0.5914348993	3.3291561604	2.2396490574
0.5914464675	3.3393108845	2.2361781597
0.5914580296	3.3775045872	2.2231540680
0.5914696027	3.3357782364	2.2373852730
0.5914811640	3.3800384998	2.2222917080
0.5914927649	3.3791670799	2.2225883007
0.5915043394	3.4119875431	2.2114365101
0.5915159052	3.4147927761	2.2104849815
0.5915274728	3.4618227482	2.1945707798
0.5915390379	3.4525654316	2.1976976395
0.5915506228	3.5041851997	2.1802976131
0.5915622036	3.5346298218	2.1700758934
0.5915737634	3.5125343800	2.1774914265
0.5915853312	3.5156891346	2.1764316559
0.5915969304	3.5503013134	2.1648259163
0.5916084960	3.5579235554	2.1622753143
0.5916200544	3.5750415325	2.1565539837
0.5916316409	3.5633511543	2.1604602337
0.5916432164	3.5811059475	2.1545293331
0.5916548087	3.6335959435	2.1370546818
0.5916663713	3.6314947605	2.1377525330
0.5916779239	3.5952796936	2.1498019695
0.5916895186	3.6191961765	2.1418397427
0.5917010854	3.6518104076	2.1310114861
0.5917126566	3.6752305031	2.1232566833
0.5917242339	3.6994731426	2.1152479649
0.5917358002	3.7138872147	2.1104950905
0.5917473942	3.7015585899	2.1145598888
0.5917589426	3.6770861149	2.1226429939
0.5917705149	3.6836817265	2.1204626560
0.5917821088	3.7489061356	2.0989754200
0.5917936676	3.7421288490	2.1012017727
0.5918052675	3.7347834110	2.1036164761
0.5918168422	3.7418146133	2.1013050079
0.5918284044	3.7393708229	2.1021082401
0.5918399649	3.7429277897	2.1009392738
0.5918515384	3.7267816067	2.1062488556
0.5918631133	3.7570419312	2.0963046551
0.5918746839	3.7759759426	2.0900971889
0.5918862700	3.7812328339	2.0883758068
0.5918978396	3.7949390411	2.0838916302
0.5919094162	3.8005008698	2.0820736885
0.5919210112	3.8143274784	2.0775585175
0.5919325842	3.8442921638	2.0677940845
0.5919441281	3.8495373726	2.0660877228
0.5919557053	3.8421001434	2.0685074329
0.5919672932	3.8654353619	2.0609211922
0.5919788796	3.8445529938	2.0677092075
0.5919904447	3.8495161533	2.0660946369
0.5920020121	3.8579337597	2.0633580685
0.5920135776	3.8531851768	2.0649015903
0.5920251537	3.8558151722	2.0640466213
0.5920367458	3.8650343418	2.0610513687
0.5920482945	3.8671343327	2.0603694916
0.5920598660	3.8659045696	2.0607688427
0.5920714671	3.8713855743	2.0589895248
0.5920830160	3.8864259720	2.0541117191
0.5920946128	3.8932406902	2.0519039631
0.5921061716	3.8932900429	2.0518879890
0.5921177491	3.8879284859	2.0536248684
0.5921293354	3.8869688511	2.0539357662
0.5921409046	3.8908603191	2.0526750088
0.5921524606	3.8968913555	2.0507218838
0.5921640585	3.9102299213	2.0464062691
0.5921756100	3.9045102596	2.0482561588
0.5921871990	3.9112954140	2.0460617542
0.5921987641	3.9092817307	2.0467128754
0.5922103300	3.9070723057	2.0474274158
0.5922219289	3.9047122002	2.0481908321
0.5922335094	3.9110336304	2.0461463928
0.5922450558	3.9107999802	2.0462219715
0.5922566269	3.9170854092	2.0441904068
0.5922682112	3.9141285419	2.0451459885
0.5922797993	3.9138879776	2.0452237129
0.5922913540	3.9158430099	2.0445919037
0.5923029525	3.9143173695	2.0450849533
0.5923145220	3.9123575687	2.0457184315
0.5923260995	3.9091143608	2.0467669964
0.5923376523	3.9083373547	2.0470182896
0.5923492362	3.9105322361	2.0463085175
0.5923608041	3.9086587429	2.0469143391
0.5923723898	3.9071657658	2.0473971367
0.5923839475	3.9040954113	2.0483903885
0.5923955240	3.9000194073	2.0497093201
0.5924070912	3.8948736191	2.0513751507
0.5924186725	3.8935580254	2.0518012047
0.5924302663	3.8908963203	2.0526633263
0.5924418408	3.8903493881	2.0528404713
0.5924534016	3.8827335835	2.0553085804
0.5924649828	3.8825650215	2.0553631783
0.5924765326	3.8794305325	2.0563795567
0.5924881110	3.8749680519	2.0578269958
0.5924996925	3.8750078678	2.0578141212
0.5925112889	3.8699295521	2.0594620705
0.5925228577	3.8673679829	2.0602936745
0.5925344033	3.8632073402	2.0616447926
0.5925459839	3.8558335304	2.0640406609
0.5925575822	3.8557887077	2.0640552044
0.5925691349	3.8540256023	2.0646283627
0.5925807179	3.8498680592	2.0659801960
0.5925922768	3.8397336006	2.0692777634
0.5926038632	3.8320908546	2.0717666149
0.5926154432	3.8232035637	2.0746631622
0.5926270290	3.8185386658	2.0761845112
0.5926385885	3.8213405609	2.0752706528
0.5926501621	3.8196372986	2.0758261681
0.5926617327	3.8037481308	2.0810127258
0.5926733113	3.8086311817	2.0794179440
0.5926848811	3.8036963940	2.0810296535
0.5926964675	3.7845118046	2.0873024464
0.5927080314	3.7926239967	2.0846486092
0.5927195956	3.7906877995	2.0852818489
0.5927311745	3.7712268829	2.0916531086
0.5927427522	3.7717478275	2.0914824009
0.5927543375	3.7685861588	2.0925185680
0.5927659123	3.7443151474	2.1004834175
0.5927774569	3.7515838146	2.0980961323
0.5927890435	3.7395143509	2.1020610332
0.5928006155	3.7502057552	2.0985486507
0.5928121886	3.7276024818	2.1059787273
0.5928237600	3.7186181545	2.1089365482
0.5928353396	3.7200486660	2.1084654331
0.5928469050	3.7241268158	2.1071226597
0.5928585029	3.7066774368	2.1128716469
0.5928700733	3.6893956661	2.1185748577
0.5928816562	3.6710381508	2.1246435642
0.5928932090	3.6531589031	2.1305644512
0.5929047772	3.6659197807	2.1263375282
0.5929163550	3.6561748981	2.1295650005
0.5929279454	3.6475512981	2.1324236393
0.5929395044	3.6218545437	2.1409559250
0.5929510772	3.6210370064	2.1412277222
0.5929626672	3.6186678410	2.1420154572
0.5929742455	3.6236948967	2.1403441429
0.5929858038	3.5998079777	2.1482930183
0.5929973989	3.5924725533	2.1507377625
0.5930089578	3.5895087719	2.1517260075
0.5930205234	3.5861299038	2.1528530121
0.5930321009	3.5937891006	2.1502988338
0.5930436794	3.5776720047	2.1556756496
0.5930552591	3.5633676052	2.1604547501
0.5930668232	3.5331990719	2.1705555916
0.5930784026	3.5381805897	2.1688857079
0.5930899600	3.5545861721	2.1633918285
0.5931015475	3.5244204998	2.1735002995
0.5931131270	3.4970467091	2.1826987267
0.5931247051	3.5046837330	2.1801300049
0.5931362605	3.4990749359	2.1820163727
0.5931478334	3.4786548615	2.1888926029
0.5931594321	3.4922485352	2.1843135357
0.5931710035	3.4679861069	2.1924905777
0.5931825476	3.4750826359	2.1900968552
0.5931941360	3.4680721760	2.1924614906
0.5932057066	3.4413313866	2.2014958858
0.5932172790	3.4143836498	2.2106237411
0.5932288533	3.3913536072	2.2184433937
0.5932404353	3.3754098415	2.2238671780
0.5932519900	3.3735225201	2.2245097160
0.5932635769	3.3762025833	2.2235972881
0.5932751481	3.3458375931	2.2339491844
0.5932867443	3.3220357895	2.2420847416
0.5932983163	3.3154768944	2.2443299294
0.5933098755	3.3239555359	2.2414278984
0.5933214492	3.3138630390	2.2448825836
0.5933330411	3.2934315205	2.2518866062
0.5933446092	3.2979445457	2.2503383160
0.5933561580	3.2865393162	2.2542524338
0.5933677487	3.2580573559	2.2640457153
0.5933793374	3.2554845810	2.2649316788
0.5933909012	3.2507982254	2.2665460110
0.5934024668	3.2640724182	2.2619752884
0.5934140490	3.2538766861	2.2654855251
0.5934256138	3.2361004353	2.2716138363
0.5934371883	3.2350869179	2.2719635963
0.5934487636	3.2383332253	2.2708435059
0.5934603294	3.2360694408	2.2716245651
0.5934719127	3.2192509174	2.2774324417
0.5934834882	3.1627175808	2.2970240116
0.5934950598	3.1614394188	2.2974681854
0.5935066462	3.1681427956	2.2951393127
0.5935182170	3.1627657413	2.2970073223
0.5935297964	3.1592047215	2.2982449532
0.5935413605	3.1172339916	2.3128640652
0.5935529276	3.1283218861	2.3089962006
0.5935644892	3.1171321869	2.3128995895
0.5935760667	3.1111452579	2.3149898052
0.5935876384	3.0776479244	2.3267068863
0.5935992260	3.0715272427	2.3288519382
0.5936107969	3.0380034447	2.3406231403
0.5936223895	3.0271308422	2.3444490433
0.5936339373	3.0280566216	2.3441231251
0.5936455174	3.0321059227	2.3426978588
0.5936570981	3.0400726795	2.3398954868
0.5936686689	3.0027182102	2.3530540466
0.5936802440	3.0234854221	2.3457326889
0.5936918197	3.0049993992	2.3522491455
0.5937034052	2.9966239929	2.3552052975
0.5937149651	2.9836990833	2.3597719669
0.5937265415	2.9793746471	2.3613011837
0.5937381110	2.9547660351	2.3700153828
0.5937496874	2.9276793003	2.3796310425
0.5937612671	2.9119672775	2.3852202892
0.5937728473	2.9024574757	2.3886072636
0.5937844029	2.8891956806	2.3933358192
0.5937959767	2.8750398159	2.3983898163
0.5938075652	2.9231462479	2.3812427521
0.5938191258	2.8959171772	2.3909385204
0.5938307139	2.8645737171	2.4021308422
0.5938422928	2.8337349892	2.4131760597
0.5938538612	2.8274283409	2.4154388905
0.5938654154	2.7936728001	2.4275739193
0.5938770069	2.7970778942	2.4263479710
0.5938885827	2.7699804306	2.4361147881
0.5939001529	2.7621004581	2.4389598370
0.5939117117	2.7650053501	2.4379107952
0.5939233086	2.7643575668	2.4381446838
0.5939348733	2.7539288998	2.4419124126
0.5939464402	2.7216196060	2.4536092281
0.5939580137	2.6935305595	2.4638078213
0.5939695896	2.6998744011	2.4615020752
0.5939811579	2.7016973495	2.4608397484
0.5939927384	2.6880996227	2.4657828808
0.5940043359	2.6689143181	2.4727683067
0.5940158852	2.6548545361	2.4778957367
0.5940274651	2.6659486294	2.4738492966
0.5940390343	2.6307096481	2.4867172241
0.5940506225	2.6238112450	2.4892413616
0.5940621829	2.5951099396	2.4997613430
0.5940737773	2.6072854996	2.4952950478
0.5940853203	2.5736432076	2.5076487064
0.5940968963	2.5904691219	2.5014650822
0.5941085001	2.5818147659	2.5046443939
0.5941200567	2.5562398434	2.5140550137
0.5941316377	2.5350773335	2.5218596458
0.5941432034	2.5097796917	2.5312101841
0.5941547767	2.4861247540	2.5399742126
0.5941663447	2.4967315197	2.5360419750
0.5941779142	2.4933090210	2.5373103619
0.5941895015	2.4514636993	2.5528521538
0.5942010734	2.4611217976	2.5492594242
0.5942126551	2.4254505634	2.5625452995
0.5942242297	2.4219543934	2.5638499260
0.5942358115	2.4251253605	2.5626666546
0.5942473695	2.4078519344	2.5691168308
0.5942589508	2.4068446159	2.5694932938
0.5942705322	2.3928499222	2.5747275352
0.5942821008	2.3991756439	2.5723607540
0.5942936756	2.3872799873	2.5768127441
0.5943052420	2.3823091984	2.5786745548
0.5943168143	2.3607754707	2.5867505074
0.5943283836	2.3467712402	2.5920116901
0.5943399584	2.3299694061	2.5983331203
0.5943515229	2.3172435760	2.6031279564
0.5943631103	2.3049259186	2.6077744961
0.5943746821	2.2968363762	2.6108291149
0.5943862766	2.3096902370	2.6059765816
0.5943978346	2.2670407295	2.6221005917
0.5944094085	2.2529976368	2.6274242401
0.5944209982	2.2405946255	2.6321320534
0.5944325625	2.2401890755	2.6322860718
0.5944441405	2.2542388439	2.6269533634
0.5944557004	2.2288813591	2.6365833282
0.5944672902	2.2332501411	2.6349225044
0.5944788691	2.2159016132	2.6415216923
0.5944904442	2.2153024673	2.6417498589
0.5945019997	2.1694066525	2.6592624187
0.5945135588	2.1452765465	2.6685009003
0.5945251427	2.1510522366	2.6662876606
0.5945367175	2.1359159946	2.6720905304
0.5945483122	2.1246354580	2.6764206886
0.5945598772	2.1030385494	2.6847240925
0.5945714416	2.1113452911	2.6815283298
0.5945830093	2.0917809010	2.6890592575
0.5945946068	2.0914752483	2.6891770363
0.5946061628	2.0868644714	2.6909539700
0.5946177566	2.0700466633	2.6974420547
0.5946293025	2.0775160789	2.6945590973
0.5946408869	2.0769970417	2.6947593689
0.5946524913	2.0845162868	2.6918592453
0.5946640348	2.0629944801	2.7001657486
0.5946756103	2.0429911613	2.7079017162
0.5946871816	2.0351507664	2.7109379768
0.5946987616	2.0128092766	2.7196023464
0.5947103515	1.9798711538	2.7324104309
0.5947219054	1.9494082928	2.7442922592
0.5947334971	1.9655246735	2.7380018234
0.5947450612	1.9436712265	2.7465338707
0.5947566339	1.9418181181	2.7472581863
0.5947681988	1.9523701668	2.7431354523
0.5947797808	1.9241844416	2.7541570663
0.5947913361	1.9119774103	2.7589397430
0.5948029197	1.9175989628	2.7567365170
0.5948144993	1.9261744022	2.7533779144
0.5948260628	1.8901877403	2.7674908638
0.5948376598	1.8875547647	2.7685253620
0.5948492132	1.8756392002	2.7732102871
0.5948607906	1.8794531822	2.7717101574
0.5948723635	1.8586349487	2.7799053192
0.5948839442	1.8559621572	2.7809586525
0.5948955097	1.8243606091	2.7934334278
0.5949070924	1.8193485737	2.7954154015
0.5949186563	1.8174506426	2.7961661816
0.5949302457	1.7952355146	2.8049643040
0.5949418130	1.7915683985	2.8064184189
0.5949533937	1.7500940561	2.8229002953
0.5949649629	1.7292019129	2.8312277794
0.5949765568	1.7154632807	2.8367130756
0.5949881052	1.7271980047	2.8320274353
0.5949996801	1.7124853134	2.8379030228
0.5950112577	1.6988354921	2.8433616161
0.5950228314	1.7173850536	2.8359453678
0.5950343999	1.6879340410	2.8477263451
0.5950459790	1.6683142185	2.8555932045
0.5950575579	1.6696355343	2.8550629616
0.5950691119	1.6485316753	2.8635404110
0.5950807046	1.6496067047	2.8631081581
0.5950922811	1.6442689896	2.8652548790
0.5951038509	1.6035499573	2.8816673756
0.5951154220	1.6067980528	2.8803558350
0.5951269935	1.6309033632	2.8706350327
0.5951385885	1.6117532253	2.8783557415
0.5951501431	1.5911936760	2.8866605759
0.5951617187	1.6022117138	2.8822078705
0.5951733033	1.5744405985	2.8934400082
0.5951848849	1.5529471636	2.9021537304
0.5951964498	1.5722031593	2.8943462372
0.5952080007	1.5601104498	2.8992476463
0.5952195890	1.5521188974	2.9024899006
0.5952311499	1.5412623882	2.9068984985
0.5952427382	1.5076658726	2.9205706120
0.5952543247	1.5193978548	2.9157912731
0.5952658732	1.5156589746	2.9173138142
0.5952774499	1.5075523853	2.9206168652
0.5952890316	1.5067260265	2.9209537506
0.5953005950	1.5005416870	2.9234755039
0.5953121761	1.5048720837	2.9217095375
0.5953237807	1.4842067957	2.9301435947
0.5953353311	1.4566370249	2.9414217472
0.5953469141	1.4692769051	2.9362473488
0.5953584800	1.4586300850	2.9406054020
0.5953700590	1.4300105572	2.9523425102
0.5953816156	1.4527519941	2.9430134296
0.5953931987	1.4433003664	2.9468882084
0.5954047707	1.4413800240	2.9476759434
0.5954163646	1.4040805101	2.9630045891
0.5954279221	1.4142696857	2.9588117599
0.5954394979	1.4061828852	2.9621391296
0.5954510669	1.3835108280	2.9714815617
0.5954626536	1.3640050888	2.9795355797
0.5954742252	1.3679448366	2.9779076576
0.5954857905	1.3817672729	2.9722008705
0.5954973612	1.3389713764	2.9898943901
0.5955089393	1.3280838728	2.9944074154
0.5955205125	1.3439010382	2.9878525734
0.5955320844	1.3089154959	3.0023643970
0.5955436702	1.3085620403	3.0025112629
0.5955552331	1.3185629845	2.9983577728
0.5955668197	1.2766163349	3.0158054829
0.5955783930	1.2778193951	3.0153040886
0.5955899500	1.2799959183	3.0143971443
0.5956015319	1.2575976849	3.0237395763
0.5956131196	1.2548601627	3.0248827934
0.5956246796	1.2340809107	3.0335702896
0.5956362509	1.2339738607	3.0336151123
0.5956478441	1.2327080965	3.0341448784
0.5956594043	1.2303501368	3.0351319313
0.5956709779	1.2236323357	3.0379452705
0.5956825504	1.2097488642	3.0437653065
0.5956941126	1.2115012407	3.0430302620
0.5957056978	1.2098102570	3.0437395573
0.5957172725	1.1799569130	3.0562806129
0.5957288551	1.1742889881	3.0586657524
0.5957404343	1.1789617538	3.0566992760
0.5957520108	1.1633633375	3.0632669926
0.5957635658	1.1429669857	3.0718698502
0.5957751484	1.1423881054	3.0721142292
0.5957867207	1.1256809235	3.0791740417
0.5957983099	1.1270723343	3.0785856247
0.5958098599	1.1233645678	3.0801537037
0.5958214488	1.1189471483	3.0820226669
0.5958330113	1.0847570896	3.0965149403
0.5958445810	1.0816780329	3.0978224277
0.5958561506	1.0849205256	3.0964455605
0.5958677319	1.0562068224	3.1086533070
0.5958793317	1.0437954664	3.1139404774
0.5958909012	1.0417027473	3.1148326397
0.5959024624	1.0488016605	3.1118071079
0.5959140253	1.0445936918	3.1136002541
0.5959256006	1.0280140638	3.1206724644
0.5959371765	1.0255934000	3.1217060089
0.5959487514	1.0248384476	3.1220283508
0.5959603204	1.0207836628	3.1237602234
0.5959718957	1.0288630724	3.1203100681
0.5959834942	1.0188863277	3.1245708466
0.5959950566	1.0098880529	3.1284172535
0.5960066122	0.9950132370	3.1347830296
0.5960181960	0.9995386004	3.1328454018
0.5960297742	1.0060765743	3.1300475597
0.5960413450	0.9851496220	3.1390092373
0.5960529135	0.9551735520	3.1518776417
0.5960645036	0.9647722244	3.1477530003
0.5960760630	0.9722036719	3.1445622444
0.5960876537	0.9483506083	3.1548118591
0.5960992150	0.9226918221	3.1658637524
0.5961107857	0.9298530817	3.1627764702
0.5961223644	0.9195239544	3.1672301292
0.5961339365	0.8950781226	3.1777882576
0.5961455005	0.8941882849	3.1781730652
0.5961570898	0.8945212960	3.1780290604
0.5961686545	0.8946409225	3.1779773235
0.5961802216	0.8913146257	3.1794159412
0.5961918184	0.8952203989	3.1777267456
0.5962033741	0.8996798396	3.1757988930
0.5962149652	0.8928568959	3.1787488461
0.5962265291	0.8957177401	3.1775116920
0.5962381174	0.8931926489	3.1786036491
0.5962496970	0.8817186952	3.1835687160
0.5962612564	0.8858241439	3.1817915440
0.5962728174	0.8657715917	3.1904785633
0.5962843909	0.8434098363	3.2001857758
0.5962959964	0.8379189372	3.2025725842
0.5963075452	0.8192361593	3.2107031345
0.5963191184	0.8298246861	3.2060933113
0.5963306887	0.8261356950	3.2076988220
0.5963422986	0.8104624152	3.2145264149
0.5963538380	0.8182717562	3.2111232281
0.5963654055	0.8097837567	3.2148222923
0.5963770111	0.7849369645	3.2256679535
0.5963885521	0.7872705460	3.2246482372
0.5964001380	0.7857389450	3.2253174782
0.5964117053	0.7740316987	3.2304363251
0.5964232842	0.7715070844	3.2315409184
0.5964348713	0.7622603178	3.2355890274
0.5964464522	0.7624263167	3.2355163097
0.5964580257	0.7442767024	3.2434723377
0.5964695788	0.7397662401	3.2454516888
0.5964811580	0.7486259937	3.2415645123
0.5964927276	0.7399639487	3.2453649044
0.5965043245	0.7338287830	3.2480585575
0.5965158900	0.7329662442	3.2484374046
0.5965274736	0.7361927032	3.2470204830
0.5965390198	0.7216436863	3.2534132004
0.5965505998	0.7216284871	3.2534198761
0.5965621944	0.6993645430	3.2632198334
0.5965737693	0.6849496961	3.2695760727
0.5965853207	0.6659350395	3.2779741287
0.5965968986	0.6671054363	3.2774567604
0.5966084899	0.6765792370	3.2732710838
0.5966200517	0.6703346968	3.2760295868
0.5966316282	0.6695642471	3.2763700485
0.5966431935	0.6628801823	3.2793247700
0.5966547584	0.6476178765	3.2860786915
0.5966663303	0.6463220716	3.2866525650
0.5966779147	0.6405938864	3.2891902924
0.5966894958	0.6440210342	3.2876718044
0.5967010715	0.6392306685	3.2897944450
0.5967126451	0.6433752775	3.2879579067
0.5967242094	0.6419266462	3.2885997295
0.5967357811	0.6318667531	3.2930593491
0.5967473790	0.6332805753	3.2924323082
0.5967589223	0.6190109253	3.2987647057
0.5967705121	0.6228337884	3.2970674038
0.5967820894	0.6042987108	3.3053026199
0.5967936545	0.6035845876	3.3056201935
0.5968052297	0.6033776402	3.3057122231
0.5968167959	0.5949832797	3.3094470501
0.5968283693	0.5889016986	3.3121547699
0.5968399612	0.5855520964	3.3136467934
0.5968515241	0.5837723017	3.3144397736
0.5968631039	0.5747570395	3.3184585571
0.5968746943	0.5733682513	3.3190779686
0.5968862414	0.5706916451	3.3202719688
0.5968978168	0.5544447899	3.3275260925
0.5969093948	0.5566294193	3.3265500069
0.5969209685	0.5473951101	3.3306772709
0.5969325669	0.5421007276	3.3330452442
0.5969441334	0.5319513083	3.3375880718
0.5969556807	0.5271745920	3.3397276402
0.5969672651	0.5253813863	3.3405311108
0.5969788454	0.5249956250	3.3407039642
0.5969904120	0.5318427086	3.3376367092
0.5970019773	0.5280665159	3.3393280506
0.5970135676	0.5057453513	3.3493382931
0.5970251261	0.5014218092	3.3512797356
0.5970367034	0.5039165616	3.3501594067
0.5970482723	0.4898130000	3.3564965725
0.5970598556	0.4938569367	3.3546786308
0.5970714459	0.4919824898	3.3555212021
0.5970829956	0.4829512239	3.3595829010
0.5970945898	0.4841117859	3.3590607643
0.5971061614	0.4856328666	3.3583765030
0.5971177265	0.4767739475	3.3623631001
0.5971293082	0.4665639102	3.3669619560
0.5971408823	0.4547303021	3.3722977638
0.5971524395	0.4587563276	3.3704817295
0.5971640445	0.4532676339	3.3729577065
0.5971755992	0.4364022017	3.3805739880
0.5971871687	0.4393773377	3.3792295456
0.5971987490	0.4351900220	3.3811218739
0.5972103268	0.4406691492	3.3786458969
0.5972218935	0.4362270534	3.3806531429
0.5972334639	0.4310391843	3.3829984665
0.5972450413	0.4320647418	3.3825347424
0.5972566305	0.4147346616	3.3903770447
0.5972682066	0.4138308465	3.3907864094
0.5972797696	0.4094023108	3.3927927017
0.5972913290	0.4102947116	3.3923883438
0.5973029111	0.3949657977	3.3993389606
0.5973144940	0.4102705121	3.3923993111
0.5973260660	0.4063726366	3.3941657543
0.5973376299	0.3944010139	3.3995952606
0.5973492161	0.3922775984	3.4005589485
0.5973607741	0.3881995678	3.4024102688
0.5973723853	0.3793337345	3.4064376354
0.5973839339	0.3817567527	3.4053366184
0.5973954958	0.3889026642	3.4020910263
0.5974070791	0.3861356676	3.4033474922
0.5974186474	0.3676783144	3.4117374420
0.5974302213	0.3648174405	3.4130392075
0.5974417942	0.3666087985	3.4122240543
0.5974533759	0.3509136736	3.4193708897
0.5974649457	0.3478963375	3.4207460880
0.5974765220	0.3511538208	3.4192614555
0.5974881039	0.3523536026	3.4187147617
0.5974996623	0.3470495641	3.4211320877
0.5975112622	0.3481934369	3.4206106663
0.5975228115	0.3426808417	3.4231240749
0.5975344126	0.3297281861	3.4290349483
0.5975459656	0.3320440948	3.4279775620
0.5975575393	0.3339995444	3.4270849228
0.5975691132	0.3316341341	3.4281647205
0.5975806882	0.3302059472	3.4288167953
0.5975922752	0.3223677874	3.4323971272
0.5976038298	0.3243819475	3.4314768314
0.5976154119	0.3290003836	3.4293673038
0.5976269723	0.3255849183	3.4309272766
0.5976385616	0.3238267303	3.4317305088
0.5976501324	0.3161445856	3.4352416992
0.5976617118	0.3108376563	3.4376688004
0.5976732811	0.3068514168	3.4394927025
0.5976848607	0.3006843925	3.4423158169
0.5976964295	0.2987664342	3.4431941509
0.5977080070	0.2992870212	3.4429557323
0.5977195732	0.3019090593	3.4417550564
0.5977311404	0.3005620241	3.4423718452
0.5977427230	0.2944211066	3.4451847076
0.5977543170	0.2935979366	3.4455618858
0.5977658880	0.3028240204	3.4413361549
0.5977774544	0.2913223505	3.4466047287
0.5977890194	0.2866764665	3.4487345219
0.5978005999	0.2835046649	3.4501891136
0.5978121768	0.2844679058	3.4497473240
0.5978237449	0.2795284092	3.4520132542
0.5978353119	0.2838113606	3.4500484467
0.5978468976	0.2831673324	3.4503438473
0.5978584736	0.2817811370	3.4509797096
0.5978700421	0.2812785804	3.4512102604
0.5978816346	0.2795517743	3.4520025253
0.5978931947	0.2740500867	3.4545276165
0.5979047719	0.2664504051	3.4580178261
0.5979163426	0.2712621689	3.4558076859
0.5979279093	0.2668167949	3.4578495026
0.5979394905	0.2588531375	3.4615094662
0.5979510731	0.2569123209	3.4624018669
0.5979626300	0.2611091733	3.4604723454
0.5979742076	0.2557447851	3.4629387856
0.5979857727	0.2597482502	3.4610979557
0.5979973503	0.2573374808	3.4622063637
0.5980089551	0.2538962662	3.4637889862
0.5980204985	0.2556618452	3.4629769325
0.5980320642	0.2602347136	3.4608743191
0.5980436497	0.2552922070	3.4631469250
0.5980552245	0.2497365326	3.4657027721
0.5980668130	0.2473804206	3.4667870998
0.5980783669	0.2475052625	3.4667296410
0.5980899455	0.2462419271	3.4673111439
0.5981015266	0.2440994233	3.4682974815
0.5981130818	0.2445483953	3.4680907726
0.5981246668	0.2403514981	3.4700233936
0.5981362330	0.2413402498	3.4695680141
0.5981478098	0.2419951558	3.4692664146
0.5981593934	0.2406527847	3.4698846340
0.5981709591	0.2385512888	3.4708526134
0.5981825354	0.2368967980	3.4716148376
0.5981941221	0.2372046858	3.4714729786
0.5982056893	0.2352130711	3.4723906517
0.5982172622	0.2348679751	3.4725496769
0.5982288351	0.2333475202	3.4732503891
0.5982404293	0.2353129238	3.4723446369
0.5982519799	0.2370530665	3.4715428352
0.5982635700	0.2341203988	3.4728941917
0.5982751264	0.2324940264	3.4736437798
0.5982867009	0.2333604544	3.4732444286
0.5982982945	0.2298294753	3.4748721123
0.5983098711	0.2287776917	3.4753570557
0.5983214233	0.2288293988	3.4753332138
0.5983330120	0.2258690745	3.4766983986
0.5983445700	0.2256778181	3.4767866135
0.5983561505	0.2212322652	3.4788374901
0.5983677220	0.2186160684	3.4800448418
0.5983792951	0.2193093151	3.4797248840
0.5983908696	0.2206241339	3.4791181087
0.5984024447	0.2192318290	3.4797606468
0.5984140075	0.2189466655	3.4798922539
0.5984256015	0.2210168093	3.4789369106
0.5984371599	0.2183918804	3.4801483154
0.5984487447	0.2160764337	3.4812171459
0.5984603069	0.2162819803	3.4811222553
0.5984718955	0.2148153782	3.4817993641
0.5984834833	0.2151639313	3.4816384315
0.5984950309	0.2138952315	3.4822242260
0.5985066054	0.2146867961	3.4818587303
0.5985181725	0.2141910940	3.4820876122
0.5985297739	0.2130175233	3.4826295376
0.5985413246	0.2116427422	3.4832644463
0.5985529251	0.2101587355	3.4839498997
0.5985644856	0.2096518874	3.4841840267
0.5985760551	0.2095641494	3.4842245579
0.5985876238	0.2097422183	3.4841423035
0.5985992030	0.2071232349	3.4853522778
0.5986107936	0.2073595524	3.4852430820
0.5986223485	0.2130701840	3.4826052189
0.5986339156	0.2076087892	3.4851279259
0.5986455070	0.2077145725	3.4850790501
0.5986570777	0.2057899982	3.4859683514
0.5986686644	0.2069168389	3.4854476452
0.5986802150	0.2056671977	3.4860250950
0.5986917921	0.2055253237	3.4860906601
0.5987033637	0.2051672935	3.4862561226
0.5987149525	0.2048319727	3.4864110947
0.5987265068	0.2044605464	3.4865827560
0.5987380975	0.2002638578	3.4885227680
0.5987496838	0.1979266703	3.4896035194
0.5987612330	0.1983958185	3.4893865585
0.5987728154	0.1989315003	3.4891388416
0.5987844050	0.1980184466	3.4895610809
0.5987959553	0.1990506053	3.4890837669
0.5988075451	0.1989392340	3.4891352654
0.5988191228	0.1975426078	3.4897811413
0.5988306789	0.1976189017	3.4897458553
0.5988422624	0.1979235858	3.4896049500
0.5988538469	0.1968425661	3.4901049137
0.5988653951	0.1954055130	3.4907696247
0.5988769788	0.1948586702	3.4910225868
0.5988885425	0.1950277239	3.4909443855
0.5989001282	0.1946401596	3.4911236763
0.5989116824	0.1939202100	3.4914567471
0.5989232715	0.1938614547	3.4914839268
0.5989348513	0.1921980977	3.4922535419
0.5989464441	0.1912310272	3.4927010536
0.5989579935	0.1922135651	3.4922463894
0.5989695676	0.1916200072	3.4925210476
0.5989811346	0.1906658709	3.4929625988
0.5989927158	0.1907745600	3.4929122925
0.5990043078	0.1902187020	3.4931695461
0.5990158772	0.1892039031	3.4936392307
0.5990274469	0.1897633225	3.4933803082
0.5990390067	0.1897561103	3.4933836460
0.5990505875	0.1893002391	3.4935946465
0.5990621722	0.1878719479	3.4942557812
0.5990737555	0.1883591712	3.4940302372
0.5990853081	0.1881279200	3.4941372871
0.5990968732	0.1873105764	3.4945156574
0.5991084610	0.1869773716	3.4946699142
0.5991200532	0.1875531375	3.4944033623
0.5991316065	0.1871648282	3.4945831299
0.5991431968	0.1866328418	3.4948294163
0.5991547638	0.1858645380	3.4951851368
0.5991663510	0.1857301444	3.4952473640
0.5991778920	0.1857893616	3.4952199459
0.5991894845	0.1852239817	3.4954817295
0.5992010559	0.1851282120	3.4955260754
0.5992126264	0.1848877519	3.4956374168
0.5992242201	0.1830822080	3.4964735508
0.5992357927	0.1820675880	3.4969434738
0.5992473546	0.1821957678	3.4968841076
0.5992589382	0.1819867790	3.4969809055
0.5992705146	0.1827964932	3.4966058731
0.5992820656	0.1829056293	3.4965553284
0.5992936365	0.1827753931	3.4966156483
0.5993052170	0.1822971702	3.4968371391
0.5993168019	0.1842662990	3.4959251881
0.5993283745	0.1815080792	3.4972026348
0.5993399519	0.1814581454	3.4972257614
0.5993515235	0.1823002547	3.4968357086
0.5993630922	0.1797664165	3.4980094433
0.5993746819	0.1788406372	3.4984383583
0.5993862382	0.1795379221	3.4981153011
0.5993978302	0.1792065054	3.4982688427
0.5994093855	0.1790058166	3.4983618259
0.5994209548	0.1781222969	3.4987711906
0.5994325284	0.1778681129	3.4988889694
0.5994441270	0.1771354377	3.4992284775
0.5994556740	0.1767325848	3.4994151592
0.5994672534	0.1769363284	3.4993207455
0.5994788456	0.1765854508	3.4994833469
0.5994903976	0.1764352322	3.4995529652
0.5995019761	0.1764686704	3.4995374680
0.5995135508	0.1758559495	3.4998214245
0.5995251331	0.1751110703	3.5001666546
0.5995366993	0.1753548980	3.5000536442
0.5995482762	0.1746892780	3.5003621578
0.5995598604	0.1741754264	3.5006003380
0.5995714165	0.1744053364	3.5004937649
0.5995830047	0.1739573330	3.5007014275
0.5995945598	0.1739017814	3.5007271767
0.5996061688	0.1736127287	3.5008611679
0.5996177091	0.1739059091	3.5007252693
0.5996293096	0.1746424586	3.5003838539
0.5996408637	0.1731529385	3.5010743141
0.5996524348	0.1739460230	3.5007066727
0.5996640161	0.1730742455	3.5011107922
0.5996755926	0.1726823598	3.5012924671
0.5996871657	0.1720523834	3.5015845299
0.5996987319	0.1713010967	3.5019328594
0.5997103010	0.1712830961	3.5019412041
0.5997218816	0.1719824523	3.5016169548
0.5997334590	0.1715088338	3.5018365383
0.5997450313	0.1705005020	3.5023040771
0.5997565998	0.1705076993	3.5023007393
0.5997681707	0.1695976555	3.5027227402
0.5997797470	0.1696896851	3.5026800632
0.5997913335	0.1700007319	3.5025358200
0.5998029008	0.1698629409	3.5025997162
0.5998144833	0.1698094755	3.5026245117
0.5998260651	0.1703169346	3.5023891926
0.5998376223	0.1692938060	3.5028636456
0.5998492002	0.1693164259	3.5028531551
0.5998607739	0.1690007597	3.5029995441
0.5998723340	0.1691164374	3.5029459000
0.5998839418	0.1689755768	3.5030112267
0.5998954995	0.1688131243	3.5030865669
0.5999070667	0.1684769094	3.5032424927
0.5999186677	0.1684913039	3.5032358170
0.5999302153	0.1680034697	3.5034620762
0.5999417886	0.1677484959	3.5035803318
0.5999533528	0.1681700200	3.5033848286
0.5999649405	0.1683458239	3.5033032894
0.5999765307	0.1684131622	3.5032720566
0.5999880759	0.1681581885	3.5033903122
0.5999996552	0.1676215380	3.5036392212
0.6000112353	0.1678333133	3.5035409927
0.6000228073	0.1678333133	3.5035409927
0.6000343734	0.1678086370	3.5035524368
0.6000459724	0.1670710146	3.5038945675
0.6000575331	0.1672683954	3.5038030148
0.6000691225	0.1672766209	3.5037992001
0.6000806832	0.1671306491	3.5038669109
0.6000922512	0.1666187048	3.5041043758
0.6001038199	0.1669399440	3.5039553642
0.6001153932	0.1667641699	3.5040369034
0.6001269766	0.1664331704	3.5041904449
0.6001385696	0.1667194515	3.5040576458
0.6001501333	0.1665025502	3.5041582584
0.6001617155	0.1662635505	3.5042691231
0.6001732693	0.1653955132	3.5046718121
0.6001848482	0.1655913144	3.5045809746
0.6001964377	0.1657393277	3.5045123100
0.6002079947	0.1655517370	3.5045993328
0.6002195643	0.1656149477	3.5045700073
0.6002311454	0.1651627123	3.5047798157
0.6002427017	0.1651411206	3.5047898293
0.6002542883	0.1646647453	3.5050108433
0.6002658701	0.1644391567	3.5051155090
0.6002774333	0.1642310321	3.5052120686
0.6002889972	0.1646339148	3.5050251484
0.6003006060	0.1641113013	3.5052676201
0.6003121596	0.1639838666	3.5053267479
0.6003237437	0.1638071090	3.5054087639
0.6003353170	0.1638096720	3.5054075718
0.6003468961	0.1643250734	3.5051684380
0.6003584702	0.1637659967	3.5054278374
0.6003700363	0.1634561568	3.5055716038
0.6003816204	0.1637675464	3.5054271221
0.6003931789	0.1639119238	3.5053601265
0.6004047411	0.1632485837	3.5056679249
0.6004163227	0.1630286723	3.5057699680
0.6004279117	0.1630245596	3.5057718754
0.6004394705	0.1631740779	3.5057024956
0.6004510486	0.1630569249	3.5057568550
0.6004626226	0.1624835432	3.5060229301
0.6004741994	0.1626150608	3.5059618950
0.6004857902	0.1626109481	3.5059638023
0.6004973639	0.1620966792	3.5062024593
0.6005089116	0.1622425765	3.5061347485
0.6005204987	0.1621629447	3.5061717033
0.6005320803	0.1618161649	3.5063326359
0.6005436458	0.1617278010	3.5063736439
0.6005552185	0.1629125476	3.5058238506
0.6005667895	0.1615469754	3.5064575672
0.6005783746	0.1614817232	3.5064878464
0.6005899398	0.1611668169	3.5066339970
0.6006015074	0.1608914733	3.5067617893
0.6006130783	0.1604425162	3.5069701672
0.6006246634	0.1603890955	3.5069949627
0.6006362348	0.1605560333	3.5069174767
0.6006478267	0.1606628746	3.5068678856
0.6006593804	0.1600079536	3.5071718693
0.6006709657	0.1598790288	3.5072317123
0.6006825250	0.1602365226	3.5070657730
0.6006940905	0.1598240733	3.5072572231
0.6007056944	0.1594085395	3.5074501038
0.6007172535	0.1595482379	3.5073852539
0.6007288152	0.1596355587	3.5073447227
0.6007403972	0.1592826992	3.5075085163
0.6007519855	0.1589663178	3.5076553822
0.6007635584	0.1593196839	3.5074913502
0.6007751164	0.1589503884	3.5076627731
0.6007867144	0.1588276476	3.5077197552
0.6007982751	0.1589699090	3.5076537132
0.6008098367	0.1586756259	3.5077903271
0.6008214062	0.1584034264	3.5079166889
0.6008329855	0.1584095955	3.5079138279
0.6008445797	0.1583566964	3.5079383850
0.6008561322	0.1583972573	3.5079195499
0.6008677149	0.1583623439	3.5079357624
0.6008792862	0.1578297764	3.5081830025
0.6008908607	0.1579561085	3.5081243515
0.6009024289	0.1582308710	3.5079967976
0.6009139985	0.1570707858	3.5085353851
0.6009255813	0.1574584991	3.5083553791
0.6009371825	0.1575355232	3.5083196163
0.6009487396	0.1572053283	3.5084729195
0.6009603202	0.1568289250	3.5086476803
0.6009718775	0.1566081345	3.5087502003
0.6009834527	0.1566127539	3.5087480545
0.6009950472	0.1568505019	3.5086376667
0.6010066022	0.1562620550	3.5089108944
0.6010181813	0.1559052020	3.5090765953
0.6010297560	0.1564946473	3.5088028908
0.6010413282	0.1559247077	3.5090675354
0.6010528903	0.1561850309	3.5089466572
0.6010644935	0.1560807973	3.5089950562
0.6010760364	0.1557609141	3.5091435909
0.6010876131	0.1563590914	3.5088658333
0.6010992070	0.1554528624	3.5092866421
0.6011107742	0.1557650268	3.5091416836
0.6011223401	0.1555781364	3.5092284679
0.6011339111	0.1553055048	3.5093550682
0.6011454827	0.1554841697	3.5092720985
0.6011570668	0.1552187353	3.5093953609
0.6011686386	0.1548778415	3.5095536709
0.6011802226	0.1547710449	3.5096032619
0.6011918038	0.1545964926	3.5096843243
0.6012033604	0.1545703113	3.5096964836
0.6012149408	0.1542674154	3.5098371506
0.6012265033	0.1544799656	3.5097384453
0.6012381016	0.1544933021	3.5097322464
0.6012496452	0.1544902325	3.5097336769
0.6012612353	0.1545831412	3.5096905231
0.6012728348	0.1540230662	3.5099506378
0.6012843799	0.1539737731	3.5099735260
0.6012959673	0.1540143341	3.5099546909
0.6013075339	0.1539388746	3.5099897385
0.6013191007	0.1535867155	3.5101532936
0.6013306699	0.1534835398	3.5102012157
0.6013422556	0.1537017077	3.5100998878
0.6013538170	0.1535302550	3.5101795197
0.6013653938	0.1535975039	3.5101482868
0.6013769698	0.1538151503	3.5100471973
0.6013885347	0.1534758359	3.5102047920
0.6014001161	0.1533762515	3.5102510452
0.6014117039	0.1536062211	3.5101442337
0.6014232573	0.1535030454	3.5101921558
0.6014348563	0.1534768641	3.5102043152
0.6014464178	0.1532545984	3.5103075504
0.6014579849	0.1534234732	3.5102291107
0.6014695701	0.1530384868	3.5104079247
0.6014811439	0.1531154811	3.5103721619
0.6014927220	0.1532397121	3.5103144646
0.6015042845	0.1567513943	3.5086836815
0.6015158574	0.1529984474	3.5104265213
0.6015274332	0.1528485715	3.5104961395
0.6015390105	0.1528490782	3.5104959011
0.6015505725	0.1528844982	3.5104794502
0.6015621519	0.1526719928	3.5105781555
0.6015737431	0.1525292993	3.5106444359
0.6015852912	0.1524774581	3.5106685162
0.6015968950	0.1524713039	3.5106713772
0.6016084475	0.1524209976	3.5106947422
0.6016200297	0.1523286104	3.5107376575
0.6016316019	0.1522162110	3.5107898712
0.6016431660	0.1522038877	3.5107955933
0.6016547371	0.1522023529	3.5107963085
0.6016663325	0.1520422101	3.5108706951
0.6016778934	0.1520062834	3.5108873844
0.6016894840	0.1520776302	3.5108542442
0.6017010409	0.1521925926	3.5108008385
0.6017126367	0.1521012336	3.5108432770
0.6017241894	0.1520468295	3.5108685493
0.6017357757	0.1520273238	3.5108776093
0.6017473505	0.1536457539	3.5101258755
0.6017589269	0.1570651382	3.5085380077
0.6017704860	0.1520206481	3.5108807087
0.6017820602	0.1517080814	3.5110259056
0.6017936343	0.1516752392	3.5110411644
0.6018052025	0.1517902017	3.5109877586
0.6018167871	0.1516228914	3.5110654831
0.6018283751	0.1514925212	3.5111260414
0.6018399284	0.1515084356	3.5111186504
0.6018515060	0.1515387148	3.5111045837
0.6018630720	0.1515751481	3.5110876560
0.6018746524	0.1515248567	3.5111110210
0.6018862244	0.1517681330	3.5109980106
0.6018978028	0.1517701894	3.5109970570
0.6019093890	0.1516008228	3.5110757351
0.6019209507	0.1516028643	3.5110747814
0.6019325162	0.1515253782	3.5111107826
0.6019440863	0.1514817476	3.5111310482
0.6019556710	0.1514791846	3.5111322403
0.6019672441	0.1514314562	3.5111544132
0.6019788008	0.1514750719	3.5111341476
0.6019903947	0.1513934731	3.5111720562
0.6020019867	0.1513729393	3.5111815929
0.6020135413	0.1514309347	3.5111546516
0.6020251354	0.1515243500	3.5111112595
0.6020366888	0.1513934731	3.5111720562
0.6020482648	0.1511969119	3.5112633705
0.6020598337	0.1510054767	3.5113523006
0.6020714069	0.1511481553	3.5112860203
0.6020830022	0.1510398686	3.5113363266
0.6020945651	0.1509413272	3.5113821030
0.6021061307	0.1509659588	3.5113706589
0.6021176949	0.1509387642	3.5113832951
0.6021292784	0.1510193348	3.5113458633
0.6021408524	0.1508361250	3.5114309788
0.6021524372	0.1509608328	3.5113730431
0.6021639980	0.1508828253	3.5114092827
0.6021755723	0.1508197039	3.5114386082
0.6021871421	0.1510465443	3.5113332272
0.6021987262	0.1507719755	3.5114607811
0.6022102921	0.1506939679	3.5114970207
0.6022218870	0.1507396400	3.5114758015
0.6022334516	0.1506241709	3.5115294456
0.6022450284	0.1507273316	3.5114815235
0.6022565917	0.1508017331	3.5114469528
0.6022681661	0.1505215317	3.5115771294
0.6022797447	0.1504712403	3.5116004944
0.6022913200	0.1504214704	3.5116236210
0.6023029064	0.1582842767	3.5079720020
0.6023144623	0.1515151113	3.5111155510
0.6023260300	0.1505271792	3.5115745068
0.6023376091	0.1505297422	3.5115733147
0.6023491869	0.1505010128	3.5115866661
0.6023607604	0.1504640579	3.5116038322
0.6023723362	0.1536062211	3.5101442337
0.6023839110	0.1502890736	3.5116851330
0.6023954929	0.1501238346	3.5117619038
0.6024070776	0.1502398103	3.5117080212
0.6024186458	0.1499375552	3.5118484497
0.6024302233	0.1500643045	3.5117895603
0.6024417993	0.1497830898	3.5119202137
0.6024533563	0.1500550658	3.5117938519
0.6024649287	0.1500299275	3.5118055344
0.6024765192	0.1500442922	3.5117988586
0.6024880725	0.1500016898	3.5118186474
0.6024996526	0.1499432027	3.5118458271
0.6025112231	0.1499072760	3.5118625164
0.6025228059	0.1498503238	3.5118889809
0.6025343908	0.1499693692	3.5118336678
