Day fraction since midnight on 	pH probe (pH)	pH probe (pH)
0.6123317011	8.1030969620	7.9448509216
0.6123432467	8.1031694412	7.9449253082
0.6123548403	8.1026496887	7.9443941116
0.6123664073	8.1035995483	7.9453644753
0.6123779775	8.1033973694	7.9451580048
0.6123895445	8.1031599045	7.9449157715
0.6124011346	8.1032199860	7.9449768066
0.6124127052	8.1031417847	7.9448966980
0.6124242722	8.1023921967	7.9441308975
0.6124358408	8.1035165787	7.9452800751
0.6124474309	8.1030807495	7.9448351860
0.6124590030	8.1038913727	7.9456634521
0.6124705759	8.1030359268	7.9447884560
0.6124821448	8.1027545929	7.9445014000
0.6124937118	8.1029281616	7.9446783066
0.6125053019	8.1025257111	7.9442672729
0.6125168689	8.1028022766	7.9445500374
0.6125284379	8.1025409698	7.9442825317
0.6125400049	8.1025533676	7.9442954063
0.6125515967	8.1025800705	7.9443225861
start pump
0.6125631654	8.1032800674	7.9450383186
0.6125747365	8.1028146744	7.9445629120
0.6125863055	8.1029510498	7.9447016716
0.6125978956	8.1029653549	7.9447159767
0.6126094626	8.1032295227	7.9449868202
0.6126210296	8.1034097672	7.9451704025
0.6126325966	8.1031303406	7.9448852539
0.6126441911	8.1034688950	7.9452319145
0.6126557628	8.1026611328	7.9444060326
0.6126673298	8.1029129028	7.9446625710
0.6126788968	8.1029644012	7.9447159767
0.6126904885	8.1031904221	7.9449462891
0.6127020597	8.1033201218	7.9450788498
0.6127136322	8.1033563614	7.9451165199
0.6127252049	8.1038208008	7.9455909729
0.6127367802	8.1035346985	7.9452986717
0.6127483385	8.1037054062	7.9454731941
0.6127599324	8.1032037735	7.9449610710
0.6127714994	8.1041994095	7.9459786415
0.6127830663	8.1037569046	7.9455261230
0.6127946564	8.1033201218	7.9450788498
0.6128062234	8.1030492783	7.9448022842
0.6128177904	8.1029338837	7.9446845055
0.6128293689	8.1039123535	7.9456844330
0.6128409382	8.1032581329	7.9450159073
0.6128525052	8.1031332016	7.9448876381
0.6128640782	8.1032867432	7.9450454712
0.6128756700	8.1034698486	7.9452328682
0.6128872370	8.1039886475	7.9457626343
0.6128988040	8.1035919189	7.9453577995
0.6129103941	8.1039600372	7.9457335472
0.6129219648	8.1038770676	7.9456486702
0.6129335317	8.1044445038	7.9462289810
0.6129450987	8.1034593582	7.9452214241
0.6129566912	8.1035375595	7.9453015327
0.6129682623	8.1044206619	7.9462046623
0.6129798293	8.1033697128	7.9451298714
0.6129914002	8.1029615402	7.9447131157
0.6130029902	8.1036596298	7.9454264641
0.6130145594	8.1034698486	7.9452328682
0.6130261263	8.1036872864	7.9454545975
0.6130376979	8.1033916473	7.9451527596
0.6130492690	8.1035270691	7.9452905655
0.6130608476	8.1030483246	7.9448018074
0.6130724145	8.1043300629	7.9461121559
0.6130840047	8.1038560867	7.9456272125
0.6130955716	8.1033849716	7.9451460838
0.6131071643	8.1050548553	7.9468531609
0.6131187313	8.1056079865	7.9474177361
0.6131302982	8.1039581299	7.9457316399
0.6131418652	8.1033916473	7.9451527596
0.6131534322	8.1028833389	7.9446330070
0.6131650241	8.1035289764	7.9452924728
0.6131765795	8.1039075851	7.9456796646
0.6131881696	8.1041612625	7.9459395409
0.6131997366	8.1037254333	7.9454936981
0.6132113036	8.1036653519	7.9454326630
0.6132228937	8.1035594940	7.9453244209
0.6132344628	8.1029644012	7.9447154999
0.6132460297	8.1033601761	7.9451203346
0.6132576198	8.1036014557	7.9453668594
0.6132691918	8.1040401459	7.9458155632
0.6132807615	8.1037015915	7.9454693794
0.6132923284	8.1052274704	7.9470291138
0.6133038954	8.1097660065	7.9516692162
0.6133154855	8.1039228439	7.9456949234
0.6133270548	8.1034650803	7.9452276230
0.6133386217	8.1030788422	7.9448328018
0.6133502119	8.1027555466	7.9445023537
0.6133617788	8.1028022766	7.9445495605
0.6133733458	8.1033353806	7.9450950623
0.6133849359	8.1034488678	7.9452104568
0.6133965046	8.1034183502	7.9451794624
0.6134080735	8.1037435532	7.9455122948
0.6134196422	8.1041889191	7.9459676743
0.6134312112	8.1048250198	7.9466180801
0.6134428052	8.1030178070	7.9447703362
0.6134543778	8.1034231186	7.9451847076
0.6134659506	8.1040239334	7.9457988739
0.6134775175	8.1039800644	7.9457545280
0.6134890869	8.1045398712	7.9463262558
0.6135006770	8.1030368805	7.9447894096
0.6135122440	8.1034460068	7.9452080727
0.6135238341	8.1026611328	7.9444055557
0.6135354011	8.1026535034	7.9443979263
0.6135469681	8.1037216187	7.9454903603
0.6135585350	8.1040935516	7.9458699226
0.6135701020	8.1030302048	7.9447827339
0.6135816921	8.1052036285	7.9470052719
0.6135932635	8.1073112488	7.9491596222
0.6136048305	8.1066789627	7.9485135078
0.6136163975	8.1045179367	7.9463038445
0.6136279901	8.1049470901	7.9467430115
0.6136395570	8.1038827896	7.9456543922
0.6136511288	8.1031169891	7.9448719025
0.6136626958	8.1040477753	7.9458231926
0.6136742859	8.1039056778	7.9456782341
0.6136858569	8.1042985916	7.9460792542
0.6136974302	8.1041994095	7.9459781647
0.6137090203	8.1032047272	7.9449610710
0.6137205641	8.1040363312	7.9458112717
0.6137321543	8.1041526794	7.9459309578
0.6137437212	8.1038990021	7.9456710815
0.6137552997	8.1058120728	7.9476270676
0.6137668667	8.1038608551	7.9456319809
0.6137784337	8.1043958664	7.9461793900
0.6137900284	8.1032857895	7.9450440407
0.6138015954	8.1033687592	7.9451293945
0.6138131624	8.1033630371	7.9451231956
0.6138247525	8.1043100357	7.9460911751
0.6138363245	8.1042146683	7.9459939003
0.6138478959	8.1038284302	7.9455990791
0.6138594656	8.1051855087	7.9469866753
0.6138710342	8.1034193039	7.9451808929
0.6138826243	8.1038169861	7.9455871582
0.6138941931	8.1057224274	7.9475355148
0.6139057601	8.1037616730	7.9455308914
0.6139173270	8.1044569016	7.9462418556
0.6139289171	8.1045799255	7.9463672638
0.6139404841	8.1035099030	7.9452733994
0.6139520511	8.1035890579	7.9453544617
0.6139636412	8.1035051346	7.9452691078
0.6139752082	8.1044683456	7.9462532997
0.6139867751	8.1044778824	7.9462633133
0.6139983668	8.1038789749	7.9456510544
0.6140099372	8.1040992737	7.9458756447
0.6140215068	8.1041030884	7.9458799362
0.6140330758	8.1039419174	7.9457144737
0.6140446427	8.1043939590	7.9461774826
0.6140562328	8.1049127579	7.9467072487
0.6140678019	8.1041021347	7.9458789825
0.6140793689	8.1045618057	7.9463481903
0.6140909359	8.1043996811	7.9461836815
0.6141025259	8.1073827744	7.9492325783
0.6141140929	8.1043033600	7.9460844994
0.6141256599	8.1035041809	7.9452672005
0.6141372501	8.1046533585	7.9464421272
0.6141488170	8.1042203903	7.9459991455
0.6141603864	8.1043395996	7.9461221695
0.6141719552	8.1043033600	7.9460844994
0.6141835474	8.1036243439	7.9453902245
0.6141951163	8.1031236649	7.9448790550
0.6142066855	8.1035604477	7.9453253746
0.6142182525	8.1037607193	7.9455299377
0.6142298426	8.1035032272	7.9452667236
0.6142414095	8.1051063538	7.9469051361
0.6142529786	8.1041183472	7.9458947182
0.6142645456	8.1059732437	7.9477920532
0.6142761357	8.1053543091	7.9471592903
0.6142877027	8.1033086777	7.9450669289
0.6142992713	8.1035079956	7.9452710152
0.6143108636	8.1037902832	7.9455604553
0.6143224323	8.1034231186	7.9451847076
0.6143339992	8.1034755707	7.9452385902
0.6143455662	8.1031255722	7.9448809624
0.6143571585	8.1028833389	7.9446330070
0.6143687254	8.1035203934	7.9452843666
0.6143802924	8.1028480530	7.9445967674
0.6143918825	8.1033697128	7.9451303482
0.6144034495	8.1041231155	7.9458999634
0.6144150164	8.1042003632	7.9459795952
0.6144265834	8.1055517197	7.9473605156
0.6144381735	8.1035804749	7.9453454018
0.6144497405	8.1045703888	7.9463577271
0.6144613075	8.1048564911	7.9466500282
0.6144729015	8.1040010452	7.9457755089
0.6144844701	8.1061573029	7.9479799271
0.6144960371	8.1040678024	7.9458441734
0.6145076040	8.1055765152	7.9473857880
0.6145191982	8.1071863174	7.9490318298
0.6145307652	8.1043176651	7.9460992813
0.6145423350	8.1030120850	7.9447641373
0.6145539020	8.1037378311	7.9455060959
0.6145654921	8.1044454575	7.9462294579
0.6145770630	8.1051387787	7.9469385147
0.6145886349	8.1045618057	7.9463486671
0.6146002018	8.1061210632	7.9479432106
0.6146117688	8.1044054031	7.9461889267
0.6146233612	8.1051416397	7.9469413757
0.6146349325	8.1054153442	7.9472212791
0.6146465050	8.1091537476	7.9510436058
0.6146580974	8.1034927368	7.9452557564
0.6146696412	8.1044111252	7.9461946487
0.6146812313	8.1033620834	7.9451227188
0.6146928214	8.1047992706	7.9465913773
0.6147043724	8.1047220230	7.9465126991
0.6147159440	8.1062765121	7.9481019974
0.6147275109	8.1028852463	7.9446344376
0.6147391031	8.1049699783	7.9467663765
0.6147506732	8.1046619415	7.9464507103
0.6147622449	8.1055831909	7.9473924637
0.6147738182	8.1031494141	7.9449048042
0.6147853877	8.1057958603	7.9476103783
0.6147969547	8.1078357697	7.9496960640
0.6148085448	8.1064023972	7.9482302666
0.6148201147	8.1040859222	7.9458622932
0.6148316816	8.1034431458	7.9452052116
0.6148432717	8.1044731140	7.9462585449
0.6148548405	8.1047563553	7.9465479851
0.6148664108	8.1046972275	7.9464869499
0.6148779778	8.1051988602	7.9469995499
0.6148895471	8.1048011780	7.9465932846
0.6149011373	8.1051912308	7.9469919205
0.6149127042	8.1038923264	7.9456639290
0.6149242712	8.1052827835	7.9470863342
0.6149358613	8.1050291061	7.9468264580
0.6149474283	8.1038255692	7.9455962181
0.6149589952	8.1033229828	7.9450826645
0.6149705876	8.1051034927	7.9469027519
0.6149821546	8.1051139832	7.9469137192
0.6149937244	8.1035041809	7.9452676773
0.6150052914	8.1041164398	7.9458937645
0.6150168835	8.1053647995	7.9471697807
0.6150284520	8.1029481888	7.9446988106
0.6150400189	8.1033191681	7.9450778961
0.6150515878	8.1039638519	7.9457373619
0.6150631779	8.1039600372	7.9457335472
0.6150747474	8.1052570343	7.9470601082
0.6150863144	8.1044845581	7.9462695122
0.6150978843	8.1038179398	7.9455881119
0.6151094744	8.1038570404	7.9456286430
0.6151210430	8.1044530869	7.9462375641
0.6151326148	8.1046800613	7.9464697838
0.6151441818	8.1042051315	7.9459838867
0.6151557719	8.1086645126	7.9505434036
0.6151673389	8.1076412201	7.9494967461
0.6151789091	8.1061525345	7.9479756355
0.6151904760	8.1059474945	7.9477658272
0.6152020661	8.1046724319	7.9464621544
0.6152136562	8.1045084000	7.9462938309
0.6152252030	8.1050081253	7.9468045235
0.6152367721	8.1044025421	7.9461860657
0.6152483622	8.1053943634	7.9471998215
0.6152599309	8.1043481827	7.9461302757
0.6152714999	8.1044759750	7.9462609291
0.6152830696	8.1041707993	7.9459490776
0.6152946617	8.1041460037	7.9459238052
0.6153062287	8.1046857834	7.9464750290
0.6153177957	8.1042718887	7.9460520744
0.6153293858	8.1044893265	7.9462747574
0.6153409552	8.1036043167	7.9453697205
0.6153525246	8.1044626236	7.9462475777
0.6153640963	8.1044111252	7.9461946487
0.6153756633	8.1044712067	7.9462566376
0.6153872534	8.1065006256	7.9483308792
0.6153988223	8.1054620743	7.9472689629
0.6154103986	8.1043996811	7.9461836815
0.6154219656	8.1043643951	7.9461474419
0.6154335325	8.1041898727	7.9459691048
0.6154451226	8.1042842865	7.9460649490
0.6154566941	8.1054153442	7.9472212791
0.6154682610	8.1071081161	7.9489526749
0.6154798280	8.1057863235	7.9476008415
0.6154914065	8.1052675247	7.9470705986
0.6155029753	8.1049003601	7.9466948509
0.6155145708	8.1046142578	7.9464020729
0.6155261398	8.1052913666	7.9470949173
0.6155377067	8.1062259674	7.9480504990
0.6155492760	8.1052494049	7.9470515251
0.6155608480	8.1042356491	7.9460158348
0.6155724381	8.1058149338	7.9476304054
0.6155840051	8.1041631699	7.9459409714
0.6155955721	8.1050271988	7.9468245506
0.6156071622	8.1035957336	7.9453611374
0.6156187291	8.1056070328	7.9474172592
0.6156303000	8.1041164398	7.9458932877
0.6156418670	8.1048994064	7.9466943741
0.6156534383	8.1037445068	7.9455127716
0.6156650284	8.1059217453	7.9477386475
0.6156765972	8.1050424576	7.9468402863
0.6156881642	8.1076145172	7.9494700432
0.6156997543	8.1052122116	7.9470143318
0.6157113213	8.1046533585	7.9464421272
0.6157228907	8.1083927155	7.9502649307
0.6157344577	8.1052761078	7.9470787048
0.6157460505	8.1051998138	7.9470009804
0.6157576208	8.1045846939	7.9463715553
0.6157691878	8.1044788361	7.9462642670
0.6157807565	8.1042881012	7.9460687637
0.6157923489	8.1060009003	7.9478206635
0.6158039175	8.1049032211	7.9466981888
0.6158154870	8.1050081253	7.9468045235
0.6158270586	8.1044883728	7.9462738037
0.6158386256	8.1058645248	7.9476799965
0.6158502174	8.1047391891	7.9465308189
0.6158617844	8.1054801941	7.9472880363
0.6158733514	8.1050567627	7.9468550682
0.6158849415	8.1042776108	7.9460577965
0.6158965111	8.1053838730	7.9471898079
0.6159080805	8.1046113968	7.9463992119
0.6159196527	8.1035337448	7.9452977180
0.6159312197	8.1042709351	7.9460511208
0.6159428121	8.1045331955	7.9463200569
0.6159543811	8.1071281433	7.9489727020
0.6159659480	8.1052474976	7.9470500946
0.6159775150	8.1046676636	7.9464569092
0.6159891051	8.1058721542	7.9476885796
0.6160006741	8.1039991379	7.9457736015
0.6160122410	8.1051120758	7.9469118118
0.6160238311	8.1050043106	7.9468016624
0.6160353981	8.1049232483	7.9467182159
0.6160469651	8.1039724350	7.9457464218
0.6160585320	8.1047677994	7.9465599060
0.6160701222	8.1057767868	7.9475908279
0.6160816942	8.1047992706	7.9465913773
0.6160932628	8.1038885117	7.9456601143
0.6161048298	8.1061296463	7.9479517937
0.6161164199	8.1037597656	7.9455285072
0.6161279891	8.1039590836	7.9457321167
0.6161395585	8.1052799225	7.9470834732
0.6161511254	8.1037368774	7.9455051422
0.6161627155	8.1140861511	7.9560861588
0.6161743056	8.1062288284	7.9480533600
0.6161858726	8.1009445190	7.9426503181
0.6161974423	8.1041069031	7.9458837509
0.6162090093	8.1061887741	7.9480123520
0.6162205784	8.1037063599	7.9454736710
0.6162321454	8.1066007614	7.9484333992
0.6162437375	8.1048736572	7.9466676712
0.6162553068	8.1053304672	7.9471349716
0.6162668754	8.1035594940	7.9453244209
0.6162784446	8.1044759750	7.9462614059
0.6162900347	8.1035509109	7.9453158379
0.6163016033	8.1040153503	7.9457898140
0.6163131754	8.1042318344	7.9460110664
0.6163247444	8.1049051285	7.9466996193
0.6163363114	8.1047163010	7.9465065002
0.6163479015	8.1053829193	7.9471888542
0.6163594730	8.1050491333	7.9468469620
0.6163710422	8.1048126221	7.9466052055
0.6163826112	8.1049070358	7.9467020035
0.6163942013	8.1047906876	7.9465827942
0.6164057683	8.1038303375	7.9456009865
0.6164173608	8.1037273407	7.9454960823
0.6164289046	8.1057605743	7.9475746155
0.6164404947	8.1063966751	7.9482250214
0.6164520636	8.1051692963	7.9469704628
0.6164636561	8.1046533585	7.9464421272
0.6164752231	8.1035919189	7.9453573227
0.6164867901	8.1049222946	7.9467177391
0.6164983571	8.1043701172	7.9461531639
0.6165099240	8.1046943665	7.9464845657
0.6165215141	8.1044454575	7.9462294579
0.6165330834	8.1041212082	7.9458985329
0.6165446504	8.1043033600	7.9460840225
0.6165562405	8.1038551331	7.9456262589
0.6165678075	8.1042470932	7.9460268021
0.6165793744	8.1075325012	7.9493861198
0.6165909414	8.1052360535	7.9470376968
0.6166025315	8.1042623520	7.9460430145
0.6166141010	8.1054420471	7.9472489357
0.6166256679	8.1040554047	7.9458308220
0.6166372580	8.1050233841	7.9468207359
0.6166488290	8.1046285629	7.9464173317
0.6166603960	8.1134109497	7.9553961754
0.6166719630	8.1092576981	7.9511499405
0.6166835531	8.1078157425	7.9496760368
0.6166951200	8.1115560532	7.9534993172
0.6167066870	8.1050977707	7.9468970299
0.6167182771	8.1046743393	7.9464640617
0.6167298441	8.1044225693	7.9462065697
0.6167414111	8.1055917740	7.9474020004
0.6167529839	8.1041631699	7.9459409714
0.6167645574	8.1048707962	7.9466648102
0.6167761475	8.1037521362	7.9455213547
0.6167877145	8.1049070358	7.9467020035
0.6167992814	8.1030092239	7.9447612762
0.6168108503	8.1040124893	7.9457874298
0.6168224405	8.1074171066	7.9492678642
0.6168340118	8.1035108566	7.9452743530
0.6168456055	8.1040716171	7.9458470345
0.6168571493	8.1067285538	7.9485640526
0.6168687394	8.1048936844	7.9466886520
0.6168803064	8.1131763458	7.9551558495
0.6168918734	8.1064805984	7.9483103752
0.6169034634	8.1051712036	7.9469718933
0.6169150329	8.1046619415	7.9464511871
0.6169266041	8.1061058044	7.9479274750
0.6169381711	8.1039638519	7.9457373619
0.6169497380	8.1035976410	7.9453630447
0.6169613281	8.1042318344	7.9460115433
0.6169728951	8.1054468155	7.9472537041
0.6169844621	8.1045732498	7.9463601112
0.6169960521	8.1038503647	7.9456210136
0.6170076191	8.1030397415	7.9447927475
0.6170191861	8.1012439728	7.9429569244
0.6170307783	8.0871353149	7.9285326004
0.6170423468	8.0890550613	7.9304947853
0.6170539165	8.0849876404	7.9263367653
0.6170654834	8.0816316605	7.9229054451
0.6170770736	8.0828113556	7.9241118431
0.6170886424	8.0723342896	7.9134001732
0.6171002115	8.0740528107	7.9151573181
0.6171117784	8.0664758682	7.9074106216
0.6171233706	8.0614242554	7.9022455215
0.6171349376	8.0582628250	7.8990139961
0.6171465045	8.0469999313	7.8874983788
0.6171580946	8.0356674194	7.8759126663
0.6171696616	8.0302762985	7.8704013824
0.6171812286	8.0195684433	7.8594536781
0.6171928001	8.0159091949	7.8557128906
0.6172043902	8.0119991302	7.8517150879
0.6172159627	8.0045852661	7.8441352844
0.6172275344	7.9966197014	7.8359913826
0.6172391070	7.9804115295	7.8194203377
0.6172506761	7.9697265625	7.8084964752
0.6172622454	7.9585809708	7.7971014977
0.6172738149	7.9466934204	7.7849478722
0.6172854074	7.9320583344	7.7699856758
0.6172969793	7.9284973145	7.7663450241
0.6173085484	7.9262428284	7.7640399933
0.6173201154	7.9213476181	7.7590351105
0.6173317054	7.9082598686	7.7456545830
0.6173432740	7.8933677673	7.7304291725
0.6173548438	7.8872013092	7.7241249084
0.6173664134	7.8855814934	7.7224688530
0.6173779825	7.8835711479	7.7204132080
0.6173895726	7.8808312416	7.7176122665
0.6174011396	7.8750553131	7.7117071152
0.6174127066	7.8635845184	7.6999793053
0.6174242986	7.8520431519	7.6881799698
0.6174358656	7.8417978287	7.6777052879
0.6174474325	7.8331370354	7.6688504219
0.6174590060	7.8187427521	7.6541342735
0.6174705783	7.8181357384	7.6535134315
0.6174821509	7.8092904091	7.6444706917
0.6174937212	7.8003196716	7.6352992058
0.6175052951	7.7961821556	7.6310691833
0.6175168904	7.7877588272	7.6224570274
0.6175284621	7.7831239700	7.6177186966
0.6175400318	7.7685246468	7.6027927399
0.6175516008	7.7634234428	7.5975770950
0.6175631677	7.7604103088	7.5944967270
0.6175747598	7.7542729378	7.5882220268
0.6175863291	7.7524118423	7.5863194466
0.6175979055	7.7513175011	7.5852003098
0.6176094739	7.7404465675	7.5740866661
0.6176210443	7.7331728935	7.5666499138
0.6176326142	7.7251667976	7.5584650040
0.6176442043	7.7169623375	7.5500764847
0.6176557735	7.7145471573	7.5476074219
0.6176673436	7.7105083466	7.5434780121
correct start time
0.6176789106	7.7083530426	7.5412745476
0.6176905007	7.7049822807	7.5378284454
0.6177020711	7.7023439407	7.5351309776
0.6177136612	7.6956701279	7.5283079147
0.6177252316	7.6824164391	7.5147581100
0.6177368017	7.6762166023	7.5084190369
0.6177483687	7.6732630730	7.5053997040
0.6177599357	7.6690173149	7.5010585785
0.6177715299	7.6663413048	7.4983229637
0.6177830738	7.6629900932	7.4948964119
0.6177946678	7.6627931595	7.4946951866
0.6178062367	7.6559028625	7.4876508713
0.6178178075	7.6467866898	7.4783310890
0.6178293798	7.6357293129	7.4670262337
0.6178409699	7.6361823082	7.4674887657
0.6178525368	7.6273612976	7.4584703445
0.6178641127	7.6229858398	7.4539971352
0.6178756797	7.6188106537	7.4497284889
0.6178872467	7.6048054695	7.4354100227
0.6178988157	7.5924859047	7.4228148460
0.6179104058	7.5882720947	7.4185066223
0.6179219751	7.5896015167	7.4198660851
0.6179335443	7.5855846405	7.4157590866
0.6179451113	7.5820531845	7.4121489525
0.6179567014	7.5804901123	7.4105505943
0.6179682713	7.5800600052	7.4101109505
0.6179798383	7.5796823502	7.4097247124
0.6179914072	7.5779466629	7.4079504013
0.6180029973	7.5758075714	7.4057631493
0.6180145663	7.5719313622	7.4018001556
0.6180261411	7.5688838959	7.3986845016
0.6180377081	7.5685067177	7.3982992172
0.6180492982	7.5579147339	7.3874697685
0.6180608688	7.5507020950	7.3800964355
0.6180724357	7.5442090034	7.3734574318
0.6180840027	7.5458517075	7.3751373291
0.6180955950	7.5375857353	7.3666858673
0.6181071619	7.5373005867	7.3663945198
0.6181187289	7.5356831551	7.3647413254
0.6181303190	7.5314726830	7.3604364395
0.6181418860	7.5341830254	7.3632078171
0.6181534530	7.5215325356	7.3502736092
0.6181650218	7.5182704926	7.3469390869
0.6181766140	7.5199623108	7.3486685753
0.6181881810	7.5122175217	7.3407502174
0.6181997580	7.4999108315	7.3281683922
0.6182113290	7.4950561523	7.3232049942
0.6182228993	7.4942784309	7.3224101067
0.6182344663	7.4897089005	7.3177380562
0.6182460590	7.4816789627	7.3095288277
0.6182576260	7.4790472984	7.3068380356
0.6182691930	7.4746603966	7.3023529053
0.6182807648	7.4679446220	7.2954869270
0.6182923549	7.4633812904	7.2908215523
0.6183039219	7.4592232704	7.2865705490
0.6183154936	7.4580845833	7.2854065895
0.6183270626	7.4552211761	7.2824788094
0.6183386527	7.4517116547	7.2788910866
0.6183502236	7.4496927261	7.2768263817
0.6183617906	7.4476957321	7.2747850418
0.6183733617	7.4431037903	7.2700901031
0.6183849287	7.4402523041	7.2671751976
0.6183965188	7.4418187141	7.2687764168
0.6184080877	7.4391417503	7.2660393715
0.6184196587	7.4394392967	7.2663440704
0.6184312289	7.4299273491	7.2566189766
0.6184428190	7.4212112427	7.2477078438
0.6184543860	7.4149231911	7.2412791252
0.6184659529	7.4122719765	7.2385683060
0.6184775259	7.4092755318	7.2355051041
0.6184890972	7.4084815979	7.2346930504
0.6185006891	7.4074954987	7.2336854935
0.6185122561	7.4051017761	7.2312378883
0.6185238296	7.4048595428	7.2309904099
0.6185354197	7.4032640457	7.2293591499
0.6185469867	7.3974552155	7.2234201431
0.6185585536	7.3950033188	7.2209134102
0.6185701206	7.3894376755	7.2152233124
0.6185816914	7.3876056671	7.2133502960
0.6185932638	7.3804526329	7.2060370445
0.6186048360	7.3792185783	7.2047758102
0.6186164281	7.3731679916	7.1985898018
0.6186279971	7.3700394630	7.1953911781
0.6186395641	7.3673906326	7.1926827431
0.6186511542	7.3668160439	7.1920952797
0.6186627231	7.3657598495	7.1910157204
0.6186742900	7.3663587570	7.1916279793
0.6186858824	7.3636121750	7.1888198853
0.6186974279	7.3637371063	7.1889476776
0.6187090228	7.3633513451	7.1885533333
0.6187205897	7.3631277084	7.1883249283
0.6187321585	7.3612561226	7.1864113808
0.6187437255	7.3591055870	7.1842122078
0.6187553156	7.3550634384	7.1800799370
0.6187668852	7.3525786400	7.1775393486
0.6187784522	7.3472771645	7.1721196175
0.6187900220	7.3439435959	7.1687111855
0.6188016161	7.3436498642	7.1684107780
0.6188131831	7.3342466354	7.1587977409
0.6188247528	7.3338303566	7.1583719254
0.6188363198	7.3253130913	7.1496639252
0.6188478915	7.3257780075	7.1501393318
0.6188594856	7.3239512444	7.1482715607
0.6188710525	7.3230004311	7.1472997665
0.6188826195	7.3219780922	7.1462545395
0.6188942096	7.3185505867	7.1427502632
0.6189057766	7.3183679581	7.1425633430
0.6189173472	7.3172702789	7.1414408684
0.6189289142	7.3188161850	7.1430215836
0.6189405063	7.3166894913	7.1408476830
0.6189520732	7.3148107529	7.1389265060
0.6189636442	7.3093400002	7.1333332062
0.6189752131	7.3082189560	7.1321873665
0.6189867827	7.3092775345	7.1332697868
0.6189983764	7.3008618355	7.1246657372
0.6190099434	7.2951273918	7.1188030243
0.6190215104	7.2982101440	7.1219544411
0.6190330774	7.2894349098	7.1129827499
0.6190446674	7.2820692062	7.1054520607
0.6190562344	7.2775754929	7.1008582115
0.6190678014	7.2713890076	7.0945334435
0.6190793959	7.2709255219	7.0940594673
0.6190909647	7.2705392838	7.0936646461
0.6191025365	7.2614965439	7.0844192505
0.6191141056	7.2635693550	7.0865383148
0.6191256745	7.2641954422	7.0871787071
0.6191372646	7.2576708794	7.0805082321
0.6191488315	7.2477450371	7.0703601837
0.6191604005	7.2394042015	7.0618329048
0.6191719714	7.2396130562	7.0620465279
0.6191835615	7.2406821251	7.0631394386
0.6191951285	7.2373518944	7.0597348213
0.6192066977	7.2334218025	7.0557165146
0.6192182647	7.2343955040	7.0567116737
0.6192298548	7.2331748009	7.0554637909
0.6192414234	7.2320499420	7.0543136597
0.6192529904	7.2328772545	7.0551595688
0.6192645594	7.2318959236	7.0541567802
0.6192761495	7.2306642532	7.0528974533
0.6192877257	7.2288661003	7.0510587692
0.6192992999	7.2230563164	7.0451192856
0.6193108684	7.2253279686	7.0474414825
0.6193224353	7.2252721786	7.0473847389
0.6193340254	7.2216501236	7.0436816216
0.6193455968	7.2137703896	7.0356254578
0.6193571638	7.2086205482	7.0303602219
0.6193687327	7.2038426399	7.0254755020
0.6193803025	7.2078242302	7.0295462608
0.6193918926	7.2037549019	7.0253858566
0.6194034612	7.1990818977	7.0206079483
0.6194150297	7.1921563148	7.0135278702
0.6194265966	7.1931371689	7.0145306587
0.6194381867	7.1928620338	7.0142493248
0.6194497579	7.1912131310	7.0125637054
0.6194613249	7.1894607544	7.0107717514
0.6194729150	7.1892242432	7.0105299950
0.6194844844	7.1882338524	7.0095176697
0.6194960514	7.1871695518	7.0084290504
0.6195076233	7.1867861748	7.0080375671
0.6195191903	7.1870169640	7.0082731247
0.6195307804	7.1877641678	7.0090374947
0.6195423474	7.1855893135	7.0068140030
0.6195539143	7.1825885773	7.0037460327
0.6195654864	7.1834559441	7.0046324730
0.6195770786	7.1784520149	6.9995307922
0.6195886493	7.1668472290	6.9880056381
0.6196002162	7.1753010750	6.9964013100
0.6196117832	7.1669592857	6.9881172180
0.6196233733	7.1682600975	6.9894084930
0.6196349403	7.1666312218	6.9877910614
0.6196465072	7.1647791862	6.9859519005
0.6196580973	7.1551523209	6.9763913155
0.6196696729	7.1548943520	6.9761347771
0.6196812452	7.1501684189	6.9714412689
0.6196928145	7.1419048309	6.9632344246
0.6197043815	7.1432437897	6.9645643234
0.6197159715	7.1416659355	6.9629974365
0.6197275424	7.1456713676	6.9669752121
0.6197391094	7.1400380135	6.9613804817
0.6197506764	7.1353597641	6.9567346573
0.6197622681	7.1298260689	6.9512386322
0.6197738392	7.1260275841	6.9474663734
0.6197854164	7.1232857704	6.9447431564
0.6197969858	7.1258773804	6.9473171234
0.6198085572	7.1247138977	6.9461612701
0.6198201290	7.1245770454	6.9460258484
0.6198316980	7.1199636459	6.9414439201
0.6198432650	7.1193866730	6.9408712387
0.6198548551	7.1170792580	6.9385790825
0.6198664236	7.1136593819	6.9351830482
0.6198779932	7.1178374290	6.9393324852
0.6198895618	7.1072669029	6.9288349152
0.6199011539	7.1055908203	6.9271697998
0.6199127229	7.1046490669	6.9262347221
0.6199242899	7.1029653549	6.9245629311
0.6199358800	7.1002802849	6.9218959808
0.6199474469	7.0967116356	6.9183516502
0.6199590178	7.0985856056	6.9202132225
0.6199705867	7.0976033211	6.9192376137
0.6199821537	7.0980134010	6.9196443558
0.6199937465	7.0941352844	6.9157929420
0.6200053202	7.0908432007	6.9125237465
0.6200169103	7.0902295113	6.9119143486
0.6200284580	7.0860199928	6.9077339172
0.6200400250	7.0872511864	6.9089565277
0.6200516172	7.0770654678	6.8988409042
0.6200631882	7.0731768608	6.8949785233
0.6200747552	7.0674347878	6.8892760277
0.6200863452	7.0701022148	6.8919253349
0.6200979122	7.0636086464	6.8854761124
0.6201094813	7.0606050491	6.8824930191
0.6201210482	7.0595617294	6.8814573288
0.6201326384	7.0597600937	6.8816542625
0.6201442053	7.0582036972	6.8801088333
0.6201557972	7.0580129623	6.8799190521
0.6201673410	7.0580277443	6.8799333572
0.6201789333	7.0573387146	6.8792495728
0.6201905024	7.0582828522	6.8801870346
0.6202020722	7.0568251610	6.8787393570
0.6202136392	7.0565471649	6.8784632683
0.6202252292	7.0559644699	6.8778848648
0.6202368006	7.0523066521	6.8742523193
0.6202483676	7.0513982773	6.8733496666
0.6202599369	7.0523400307	6.8742852211
0.6202715270	7.0513033867	6.8732557297
0.6202830940	7.0494947433	6.8714594841
0.6202946610	7.0469307899	6.8689131737
0.6203062511	7.0459995270	6.8679881096
0.6203178180	7.0378193855	6.8598642349
0.6203293869	7.0367794037	6.8588314056
0.6203409539	7.0342020988	6.8562717438
0.6203525440	7.0331268311	6.8552041054
0.6203641157	7.0311322212	6.8532228470
0.6203756867	7.0299334526	6.8520321846
0.6203872562	7.0286788940	6.8507866859
0.6203988251	7.0249781609	6.8471112251
0.6204104152	7.0179467201	6.8401284218
0.6204219851	7.0172629356	6.8394494057
0.6204335542	7.0160326958	6.8382272720
0.6204451212	7.0153436661	6.8375430107
0.6204567133	7.0103302002	6.8325638771
0.6204682802	7.0123186111	6.8345389366
0.6204798495	7.0125422478	6.8347611427
0.6204914165	7.0129618645	6.8351774216
0.6205030087	7.0100822449	6.8323178291
0.6205145757	7.0117931366	6.8340167999
0.6205261426	7.0107312202	6.8329620361
0.6205377159	7.0065298080	6.8287897110
0.6205492865	6.9981498718	6.8204674721
0.6205608782	6.9985489845	6.8208637238
0.6205724473	6.9944367409	6.8167796135
0.6205840142	6.9971232414	6.8194475174
0.6205955812	6.9886546135	6.8110370636
0.6206071713	6.9863662720	6.8087649345
0.6206187383	6.9878740311	6.8102622032
0.6206303091	6.9842624664	6.8066754341
0.6206418992	6.9757666588	6.7982378006
0.6206534678	6.9765377045	6.7990036011
0.6206650348	6.9750390053	6.7975153923
0.6206766017	6.9742393494	6.7967209816
0.6206881938	6.9736232758	6.7961091995
0.6206997608	6.9725594521	6.7950525284
0.6207113315	6.9718708992	6.7943692207
0.6207228985	6.9695787430	6.7920928001
0.6207344929	6.9706544876	6.7931604385
0.6207460621	6.9699168205	6.7924280167
0.6207576312	6.9695353508	6.7920494080
0.6207691982	6.9685783386	6.7910990715
0.6207807709	6.9665441513	6.7890787125
0.6207923610	6.9660406113	6.7885785103
0.6208039280	6.9691276550	6.7916445732
0.6208154975	6.9654860497	6.7880277634
0.6208270645	6.9644083977	6.7869577408
0.6208386546	6.9600138664	6.7825937271
0.6208502215	6.9535403252	6.7761640549
0.6208617885	6.9503540993	6.7729997635
0.6208733786	6.9457173347	6.7683949471
0.6208849456	6.9422059059	6.7649078369
0.6208965125	6.9340872765	6.7568445206
0.6209081027	6.9321126938	6.7548837662
0.6209196696	6.9279050827	6.7507052422
0.6209312366	6.9306049347	6.7533860207
0.6209428054	6.9264626503	6.7492728233
0.6209543975	6.9240775108	6.7469038963
0.6209659681	6.9220190048	6.7448596954
0.6209775367	6.9186115265	6.7414751053
0.6209891055	6.9225120544	6.7453489304
0.6210006756	6.9089050293	6.7318358421
0.6210122698	6.9115643501	6.7344765663
0.6210238407	6.9093718529	6.7322993279
0.6210354100	6.9037637711	6.7267293930
0.6210469795	6.9045171738	6.7274775505
0.6210585465	6.9021782875	6.7251553535
0.6210701366	6.8978743553	6.7208809853
0.6210817054	6.8993921280	6.7223882675
0.6210932766	6.9034266472	6.7263951302
0.6211048458	6.9049544334	6.7279124260
0.6211164359	6.8952655792	6.7182898521
0.6211280028	6.8911986351	6.7142510414
0.6211395698	6.8972463608	6.7202572823
0.6211511599	6.8970680237	6.7200798988
0.6211627292	6.8878164291	6.7108917236
0.6211742961	6.8862624168	6.7093486786
0.6211858647	6.8847203255	6.7078170776
0.6211974572	6.8849239349	6.7080192566
0.6212090281	6.8843750954	6.7074742317
0.6212205951	6.8833727837	6.7064785957
0.6212321640	6.8836445808	6.7067489624
0.6212437562	6.8832840919	6.7063908577
0.6212553249	6.8830752373	6.7061829567
0.6212668938	6.8828601837	6.7059698105
0.6212784608	6.8822383881	6.7053518295
0.6212900299	6.8792181015	6.7023525238
0.6213016230	6.8783979416	6.7015380859
0.6213131900	6.8763928413	6.6995468140
0.6213247585	6.8772468567	6.7003946304
0.6213363255	6.8791761398	6.7023110390
0.6213479156	6.8685016632	6.6917099953
0.6213594868	6.8647112846	6.6879453659
0.6213710555	6.8619732857	6.6852264404
0.6213826241	6.8616967201	6.6849517822
0.6213942165	6.8578972816	6.6811785698
0.6214057835	6.8529939651	6.6763086319
0.6214173505	6.8504514694	6.6737837791
0.6214289406	6.8499822617	6.6733174324
0.6214405075	6.8519587517	6.6752805710
0.6214520763	6.8455147743	6.6688809395
0.6214636461	6.8427901268	6.6661753654
0.6214752131	6.8452429771	6.6686110497
0.6214868032	6.8409652710	6.6643629074
0.6214983761	6.8379735947	6.6613917351
0.6215099431	6.8384885788	6.6619029045
0.6215215101	6.8383526802	6.6617679596
0.6215331024	6.8356080055	6.6590423584
0.6215446715	6.8353700638	6.6588058472
0.6215562385	6.8334894180	6.6569385529
0.6215678082	6.8310232162	6.6544890404
0.6215793983	6.8329606056	6.6564130783
0.6215909884	6.8243260384	6.6478376389
0.6216025322	6.8256506920	6.6491532326
0.6216141242	6.8249130249	6.6484208107
0.6216256912	6.8246698380	6.6481790543
0.6216372620	6.8204627037	6.6440010071
0.6216488333	6.8173499107	6.6409096718
0.6216604033	6.8157138824	6.6392850876
0.6216719726	6.8096823692	6.6332950592
0.6216835628	6.8090248108	6.6326417923
0.6216951317	6.8053851128	6.6290268898
0.6217067025	6.8020381927	6.6257033348
0.6217182695	6.8022246361	6.6258878708
0.6217298596	6.7974438667	6.6211400032
0.6217414292	6.7959260941	6.6196327209
0.6217529962	6.7970247269	6.6207242012
0.6217645863	6.7945466042	6.6182627678
0.6217761553	6.7951054573	6.6188178062
0.6217877223	6.7972264290	6.6209244728
0.6217992913	6.7945814133	6.6182975769
0.6218108832	6.7954874039	6.6191973686
0.6218224502	6.8000798225	6.6237583160
0.6218340198	6.7880206108	6.6117815971
0.6218455867	6.7848281860	6.6086115837
0.6218571768	6.7783432007	6.6021709442
0.6218687463	6.7745122910	6.5983662605
0.6218803165	6.7739167213	6.5977745056
0.6218918896	6.7699422836	6.5938277245
0.6219034566	6.7612175941	6.5851631165
0.6219150490	6.7604417801	6.5843925476
0.6219266215	6.7577576637	6.5817265511
0.6219381909	6.7545790672	6.5785703659
0.6219497600	6.7546377182	6.5786280632
0.6219613346	6.7521419525	6.5761494637
0.6219729015	6.7546882629	6.5786786079
0.6219844953	6.7534232140	6.5774221420
0.6219960623	6.7531914711	6.5771923065
0.6220076319	6.7502517700	6.5742726326
0.6220191989	6.7486071587	6.5726394653
0.6220307890	6.7481584549	6.5721936226
0.6220423559	6.7418665886	6.5659446716
0.6220539229	6.7437605858	6.5678262711
0.6220655154	6.7407660484	6.5648522377
0.6220770840	6.7366185188	6.5607328415
0.6220886555	6.7351799011	6.5593042374
0.6221002264	6.7273826599	6.5515604019
0.6221117952	6.7201809883	6.5444083214
0.6221233641	6.7216243744	6.5458416939
0.6221349542	6.7270765305	6.5512566566
0.6221465212	6.7194452286	6.5436778069
0.6221580910	6.7163834572	6.5406370163
0.6221696811	6.7161550522	6.5404100418
0.6221812507	6.7141017914	6.5383706093
0.6221928177	6.7136349678	6.5379071236
0.6222043847	6.7135691643	6.5378422737
0.6222159748	6.7130680084	6.5373444557
0.6222275417	6.7126264572	6.5369057655
0.6222391110	6.7145028114	6.5387692451
0.6222506779	6.7107157707	6.5350079536
0.6222622701	6.7103018761	6.5345969200
0.6222738387	6.7095470428	6.5338473320
0.6222854057	6.7099184990	6.5342164040
0.6222969957	6.7097043991	6.5340037346
0.6223085644	6.7099976540	6.5342946053
0.6223201314	6.7088050842	6.5331106186
0.6223317015	6.7087054253	6.5330114365
0.6223432916	6.7048602104	6.5291929245
0.6223548586	6.7036476135	6.5279889107
0.6223664255	6.7006392479	6.5250005722
0.6223779952	6.7012376785	6.5255951881
0.6223895853	6.7010068893	6.5253658295
0.6224011541	6.6892156601	6.5136561394
0.6224127231	6.6849002838	6.5093703270
0.6224242901	6.6835465431	6.5080256462
0.6224358802	6.6811838150	6.5056791306
0.6224474472	6.6795868874	6.5040931702
0.6224590141	6.6811051369	6.5056009293
0.6224706042	6.6788883209	6.5033993721
0.6224821728	6.6716651917	6.4962258339
0.6224937397	6.6759548187	6.5004858971
0.6225053090	6.6703000069	6.4948701859
0.6225169040	6.6680879593	6.4926733971
0.6225284754	6.6670074463	6.4916005135
0.6225400453	6.6649899483	6.4895963669
0.6225516123	6.6642813683	6.4888930321
0.6225631792	6.6628012657	6.4874229431
0.6225747718	6.6615772247	6.4862070084
0.6225863388	6.6630039215	6.4876241684
0.6225979058	6.6601190567	6.4847593307
0.6226094959	6.6584992409	6.4831504822
0.6226210697	6.6553997993	6.4800720215
0.6226326404	6.6521735191	6.4768681526
0.6226442090	6.6513953209	6.4760951996
0.6226557760	6.6510319710	6.4757342339
0.6226673684	6.6480140686	6.4727373123
0.6226789353	6.6416087151	6.4663763046
0.6226905023	6.6431746483	6.4679312706
0.6227020693	6.6367049217	6.4615058899
0.6227136613	6.6370015144	6.4618005753
0.6227252282	6.6339354515	6.4587554932
0.6227367977	6.6385297775	6.4633183479
0.6227483668	6.6299366951	6.4547843933
0.6227599569	6.6306610107	6.4555034637
0.6227715239	6.6286034584	6.4534602165
0.6227830909	6.6317281723	6.4565634727
0.6227946608	6.6276154518	6.4524788857
0.6228062509	6.6390109062	6.4637961388
0.6228178217	6.6289629936	6.4538168907
0.6228293887	6.6254591942	6.4503374100
0.6228409580	6.6239361763	6.4488248825
0.6228525504	6.6220397949	6.4469413757
0.6228641174	6.6205286980	6.4454407692
0.6228756862	6.6203408241	6.4452538490
0.6228872763	6.6165952682	6.4415340424
0.6228988458	6.6185154915	6.4434413910
0.6229104150	6.6156044006	6.4405503273
0.6229219845	6.6065649986	6.4315729141
0.6229335515	6.6096730232	6.4346594810
0.6229451432	6.6019101143	6.4269499779
0.6229567126	6.5996160507	6.4246716499
0.6229682795	6.5977916718	6.4228601456
0.6229798491	6.5980973244	6.4231638908
0.6229914392	6.5944156647	6.4195070267
0.6230030062	6.5849022865	6.4100589752
0.6230145732	6.5809278488	6.4061121941
0.6230261633	6.5867009163	6.4118452072
0.6230377320	6.5826549530	6.4078273773
0.6230493016	6.5840530396	6.4092154503
0.6230608727	6.5777759552	6.4029817581
0.6230724397	6.5750198364	6.4002447128
0.6230840356	6.5700540543	6.3953127861
0.6230956052	6.5676064491	6.3928818703
0.6231071722	6.5691866875	6.3944516182
0.6231187419	6.5572280884	6.3825750351
0.6231303320	6.5582308769	6.3835706711
0.6231418990	6.5610036850	6.3863244057
0.6231534659	6.5550141335	6.3803763390
0.6231650329	6.5467243195	6.3721432686
0.6231766230	6.5464406013	6.3718619347
0.6231881951	6.5427970886	6.3682432175
0.6231997621	6.5393514633	6.3648214340
0.6232113290	6.5415754318	6.3670301437
0.6232229191	6.5388674736	6.3643407822
0.6232344885	6.5389218330	6.3643946648
0.6232460554	6.5387520790	6.3642258644
0.6232576456	6.5367131233	6.3622012138
0.6232692143	6.5346736908	6.3601756096
0.6232807830	6.5339922905	6.3594989777
0.6232923500	6.5351061821	6.3606047630
0.6233039401	6.5326519012	6.3581676483
0.6233155071	6.5340199471	6.3595261574
0.6233271040	6.5316567421	6.3571791649
0.6233386502	6.5289363861	6.3544778824
0.6233502403	6.5265688896	6.3521265984
0.6233618112	6.5273041725	6.3528566360
0.6233733808	6.5229554176	6.3485379219
0.6233849497	6.5217185020	6.3473095894
0.6233965167	6.5206108093	6.3462095261
0.6234081087	6.5177197456	6.3433380127
0.6234196803	6.5173368454	6.3429579735
0.6234312472	6.5179123878	6.3435292244
0.6234428165	6.5235581398	6.3491368294
0.6234544066	6.5133280754	6.3389768600
0.6234659736	6.5029397011	6.3286600113
0.6234775432	6.4996933937	6.3254361153
0.6234891101	6.5004177094	6.3261551857
0.6235007002	6.4967184067	6.3224811554
0.6235122730	6.4947776794	6.3205537796
0.6235238426	6.4956459999	6.3214163780
0.6235354096	6.4920001030	6.3177952766
0.6235469997	6.4921417236	6.3179359436
0.6235585667	6.4919090271	6.3177051544
0.6235701388	6.4924325943	6.3182249069
0.6235817075	6.4919071198	6.3177027702
0.6235932782	6.4910621643	6.3168640137
0.6236048702	6.4892506599	6.3150649071
0.6236164394	6.4887132645	6.3145308495
0.6236280102	6.4875073433	6.3133335114
0.6236395772	6.4883804321	6.3142004013
0.6236511466	6.4856286049	6.3114676476
0.6236627367	6.4797697067	6.3056488037
0.6236743062	6.4759068489	6.3018126488
0.6236858731	6.4725837708	6.2985124588
0.6236974632	6.4721293449	6.2980608940
0.6237090302	6.4714856148	6.2974219322
0.6237205989	6.4696264267	6.2955751419
0.6237321659	6.4636011124	6.2895913124
0.6237437560	6.4603466988	6.2863593102
0.6237553230	6.4574556351	6.2834882736
0.6237668899	6.4549469948	6.2809967995
0.6237784819	6.4509859085	6.2770628929
0.6237900507	6.4509620667	6.2770390511
0.6238016176	6.4495778084	6.2756643295
0.6238131846	6.4449748993	6.2710933685
0.6238247747	6.4423241615	6.2684607506
0.6238363456	6.4395651817	6.2657203674
0.6238479152	6.4410243034	6.2671699524
0.6238594822	6.4393835068	6.2655401230
0.6238710723	6.4369940758	6.2631673813
0.6238826393	6.4256176949	6.2518692017
0.6238942084	6.4266715050	6.2529158592
0.6239057754	6.4275188446	6.2537570000
0.6239173655	6.4232568741	6.2495245934
0.6239289365	6.4167070389	6.2430195808
0.6239405034	6.4116950035	6.2380423546
0.6239520935	6.4085922241	6.2349605560
0.6239636605	6.4084134102	6.2347831726
0.6239752295	6.4079675674	6.2343401909
0.6239868196	6.4071960449	6.2335739136
0.6239983866	6.4067187309	6.2330999374
0.6240099554	6.4058089256	6.2321963310
0.6240215224	6.4030089378	6.2294154167
0.6240331125	6.4035167694	6.2299199104
0.6240446832	6.3983106613	6.2247495651
0.6240562531	6.3985719681	6.2250089645
0.6240678201	6.4010801315	6.2274999619
0.6240793901	6.3977265358	6.2241692543
0.6240909802	6.3923387527	6.2188191414
0.6241025472	6.3901219368	6.2166175842
0.6241141202	6.3849873543	6.2115178108
0.6241256871	6.3892316818	6.2157330513
0.6241372772	6.3871059418	6.2136220932
0.6241488474	6.3835434914	6.2100839615
0.6241604168	6.3748259544	6.2014265060
0.6241719838	6.3705549240	6.1971845627
0.6241835739	6.3669867516	6.1936407089
0.6241951430	6.3652715683	6.1919374466
0.6242067099	6.3655519485	6.1922159195
0.6242182769	6.3681797981	6.1948256493
0.6242298670	6.3602561951	6.1869564056
0.6242414340	6.3633036613	6.1899828911
0.6242530031	6.3628668785	6.1895494461
0.6242645932	6.3684740067	6.1951179504
0.6242761622	6.3623986244	6.1890845299
0.6242877291	6.3630585670	6.1897397041
0.6242992961	6.3622665405	6.1889533997
0.6243108862	6.3594579697	6.1861639023
0.6243224532	6.3605575562	6.1872558594
0.6243340201	6.3592581749	6.1859655380
0.6243456102	6.3575410843	6.1842603683
0.6243571805	6.3500614166	6.1768317223
0.6243687474	6.3525738716	6.1793270111
0.6243803144	6.3504152298	6.1771831512
0.6243919045	6.3461680412	6.1729655266
0.6244034715	6.3426585197	6.1694798470
0.6244150384	6.3428564072	6.1696763039
0.6244266307	6.3405895233	6.1674251556
0.6244381977	6.3384237289	6.1652741432
0.6244497685	6.3815569878	6.2081108093
0.6244613394	6.3290104866	6.1559257507
0.6244729064	6.3284907341	6.1554093361
0.6244844964	6.3328080177	6.1596970558
0.6244960634	6.3394370079	6.1662802696
0.6245076304	6.3353729248	6.1622443199
0.6245192225	6.3330125809	6.1599001884
0.6245307894	6.3362312317	6.1630969048
0.6245423795	6.3300766945	6.1569848061
0.6245539252	6.3271136284	6.1540417671
0.6245655153	6.3181529045	6.1451425552
0.6245770864	6.3163824081	6.1433844566
0.6245886533	6.3145475388	6.1415619850
0.6246002434	6.3082714081	6.1353292465
0.6246118120	6.3116130829	6.1386475563
0.6246233831	6.3117146492	6.1387486458
0.6246349500	6.2994141579	6.1265325546
0.6246465401	6.2945475578	6.1216998100
0.6246581071	6.2904596329	6.1176395416
0.6246696994	6.2867345810	6.1139402390
0.6246812432	6.2885937691	6.1157865524
0.6246928333	6.2852249146	6.1124410629
0.6247044003	6.2847976685	6.1120162010
0.6247159673	6.2816619873	6.1089024544
0.6247275574	6.2774381638	6.1047077179
0.6247391244	6.2762064934	6.1034841537
0.6247506913	6.2761816978	6.1034598351
0.6247622602	6.2736439705	6.1009392738
0.6247738504	6.2730846405	6.1003842354
0.6247854173	6.2735390663	6.1008353233
0.6247969843	6.2695727348	6.0968961716
0.6248085744	6.2693033218	6.0966286659
0.6248201433	6.2669048309	6.0942463875
0.6248317103	6.2667202950	6.0940632820
0.6248432773	6.2676844597	6.0950207710
0.6248548693	6.2652311325	6.0925846100
0.6248664382	6.2653560638	6.0927085876
0.6248780079	6.2561516762	6.0835676193
0.6248895791	6.2595744133	6.0869669914
0.6249011692	6.2581548691	6.0855565071
0.6249127361	6.2515587807	6.0790061951
0.6249243031	6.2412409782	6.0687589645
0.6249358725	6.2371397018	6.0646862984
0.6249474626	6.2375965118	6.0651397705
0.6249590296	6.2373089790	6.0648541451
0.6249706000	6.2302546501	6.0578484535
0.6249821696	6.2279973030	6.0556063652
0.6249937597	6.2252521515	6.0528802872
0.6250053295	6.2225899696	6.0502362251
0.6250168965	6.2208256721	6.0484843254
0.6250284635	6.2165594101	6.0442471504
0.6250400576	6.2078924179	6.0356397629
0.6250516246	6.2025828362	6.0303668976
0.6250631915	6.2072300911	6.0349817276
0.6250747816	6.2008519173	6.0286478996
0.6250863486	6.1932258606	6.0210738182
0.6250979173	6.1938810349	6.0217247009
0.6251094867	6.1949748993	6.0228109360
0.6251210767	6.1943955421	6.0222353935
0.6251326305	6.1924767494	6.0203299522
0.6251442226	6.1905884743	6.0184545517
0.6251557896	6.1890716553	6.0169482231
0.6251673566	6.1897912025	6.0176625252
0.6251789467	6.1883754730	6.0162568092
0.6251905184	6.1882104874	6.0160927773
0.6252020854	6.1888213158	6.0166997910
0.6252136549	6.1881427765	6.0160255432
0.6252252450	6.1871128082	6.0150032043
0.6252368120	6.1870565414	6.0149469376
0.6252483874	6.1864724159	6.0143666267
0.6252599608	6.1858229637	6.0137219429
0.6252715307	6.1857476234	6.0136470795
0.6252830976	6.1847548485	6.0126614571
0.6252946877	6.1847553253	6.0126619339
0.6253062601	6.1818633080	6.0097894669
0.6253178270	6.1734528542	6.0014371872
0.6253293967	6.1724171638	6.0004081726
0.6253409661	6.1751217842	6.0030941963
0.6253525562	6.1675848961	5.9956092834
0.6253641254	6.1608791351	5.9889497757
0.6253756947	6.1549649239	5.9830760956
0.6253872616	6.1534190178	5.9815406799
0.6253988517	6.1509327888	5.9790716171
0.6254104187	6.1492447853	5.9773950577
0.6254219884	6.1481108665	5.9762692451
0.6254335785	6.1480669975	5.9762253761
0.6254451496	6.1467971802	5.9749641418
0.6254567166	6.1430010796	5.9711942673
0.6254682871	6.1412968636	5.9695014954
0.6254798772	6.1405258179	5.9687361717
0.6254914464	6.1413779259	5.9695825577
0.6255030149	6.1381831169	5.9664092064
0.6255145819	6.1379613876	5.9661893845
0.6255261720	6.1314916611	5.9597640038
0.6255377432	6.1325702667	5.9608349800
0.6255493102	6.1322932243	5.9605603218
0.6255608771	6.1340417862	5.9622964859
0.6255724462	6.1322169304	5.9604840279
0.6255840425	6.1217837334	5.9501223564
0.6255956140	6.1141524315	5.9425439835
0.6256071892	6.1084241867	5.9368548393
0.6256187610	6.1093530655	5.9377775192
0.6256303304	6.1035442352	5.9320087433
0.6256418974	6.1012897491	5.9297695160
0.6256534643	6.1001911163	5.9286785126
0.6256650544	6.0978040695	5.9263076782
0.6256766241	6.0898799896	5.9184379578
0.6256881937	6.0849475861	5.9135394096
0.6256997633	6.0866713524	5.9152517319
0.6257113562	6.0852174759	5.9138073921
0.6257229306	6.0816054344	5.9102206230
0.6257344860	6.0742764473	5.9029421806
0.6257460761	6.0762977600	5.9049491882
0.6257576457	6.0714831352	5.9001679420
0.6257692127	6.0709528923	5.8996415138
0.6257807817	6.0678257942	5.8965358734
0.6257923739	6.0653285980	5.8940558434
0.6258039409	6.0651040077	5.8938322067
0.6258155119	6.0603070259	5.8890686035
0.6258270788	6.0588364601	5.8876080513
0.6258386689	6.0585117340	5.8872857094
0.6258502359	6.0542273521	5.8830304146
0.6258618029	6.0550942421	5.8838915825
0.6258733929	6.0529718399	5.8817834854
0.6258849620	6.0516185760	5.8804397583
0.6258965290	6.0562109947	5.8850007057
0.6259080959	6.0531716347	5.8819818497
0.6259196860	6.0412726402	5.8701648712
0.6259312530	6.0353922844	5.8643250465
0.6259428200	6.0275797844	5.8565659523
0.6259544101	6.0272293091	5.8562178612
0.6259659770	6.0283675194	5.8573484421
0.6259775440	6.0239777565	5.8529887199
0.6259891341	6.0190892220	5.8481335640
0.6260007050	6.0169396400	5.8459987640
0.6260122747	6.0160284042	5.8450942039
0.6260238417	6.0150103569	5.8440828323
0.6260354105	6.0135574341	5.8426403999
0.6260470007	6.0119633675	5.8410568237
0.6260585713	6.0121922493	5.8412842751
0.6260701400	6.0112504959	5.8403491974
0.6260817097	6.0094022751	5.8385133743
0.6260932998	6.0093832016	5.8384943008
0.6261048686	6.0051345825	5.8342752457
0.6261164356	6.0033564568	5.8325095177
0.6261280026	5.9971079826	5.8263034821
0.6261395977	5.9999217987	5.8290982246
0.6261511646	5.9925255775	5.8217525482
0.6261627352	5.9926018715	5.8218288422
0.6261743021	6.0007138252	5.8298845291
0.6261858942	5.9925799370	5.8218069077
0.6261974612	5.9925818443	5.8218088150
0.6262090303	6.0032515526	5.8324046135
0.6262206008	5.9962301254	5.8254318237
0.6262321909	5.9825720787	5.8118677139
0.6262437618	5.9770488739	5.8063821793
0.6262553288	5.9767241478	5.8060598373
0.6262668958	5.9735822678	5.8029394150
0.6262784657	5.9702067375	5.7995872498
0.6262900590	5.9693546295	5.7987408638
0.6263016275	5.9670519829	5.7964539528
0.6263131963	5.9670214653	5.7964239120
0.6263247650	5.9647951126	5.7942128181
0.6263363551	5.9593930244	5.7888479233
0.6263479221	5.9543709755	5.7838602066
0.6263594891	5.9515881538	5.7810964584
0.6263710792	5.9466123581	5.7761549950
0.6263826492	5.9419603348	5.7715349197
0.6263942162	5.9420385361	5.7716126442
0.6264057872	5.9386901855	5.7682871819
0.6264173773	5.9338517189	5.7634820938
0.6264289442	5.9318408966	5.7614846230
0.6264405131	5.9301028252	5.7597589493
0.6264520801	5.9292840958	5.7589454651
0.6264636702	5.9284696579	5.7581372261
0.6264752372	5.9283957481	5.7580637932
0.6264868041	5.9268693924	5.7565474510
0.6264983943	5.9276070595	5.7572803497
0.6265099633	5.9261431694	5.7558259964
0.6265215534	5.9211668968	5.7508840561
0.6265330972	5.9201159477	5.7498407364
0.6265446873	5.9135313034	5.7433009148
0.6265562602	5.9142537117	5.7440185547
0.6265678272	5.9137601852	5.7435288429
0.6265793962	5.9129219055	5.7426962852
0.6265909882	5.9096374512	5.7394342422
0.6266025572	5.8989200592	5.7287907600
0.6266141493	5.8913254738	5.7212481499
0.6266256952	5.8882498741	5.7181935310
0.6266372853	5.8805737495	5.7105698586
0.6266488523	5.8801760674	5.7101755142
0.6266604192	5.8767185211	5.7067413330
0.6266719862	5.8855352402	5.7154974937
0.6266835792	5.8803920746	5.7103896141
0.6266951462	5.8693118095	5.6993856430
0.6267067131	5.8696217537	5.6996932030
0.6267182917	5.8595118523	5.6896529198
0.6267298586	5.8493170738	5.6795282364
0.6267414487	5.8475184441	5.6777415276
0.6267530175	5.8444695473	5.6747140884
0.6267645844	5.8420429230	5.6723041534
0.6267761531	5.8428792953	5.6731348038
0.6267877465	5.8411655426	5.6714324951
0.6267993220	5.8381943703	5.6684818268
0.6268108890	5.8343758583	5.6646895409
0.6268224560	5.8357324600	5.6660370827
0.6268340229	5.8366484642	5.6669464111
0.6268456179	5.8325691223	5.6628952026
0.6268571880	5.8303112984	5.6606526375
0.6268687569	5.8243403435	5.6547231674
0.6268803290	5.8173360825	5.6477670670
0.6268919108	5.8115901947	5.6420607567
0.6269034791	5.8044991493	5.6350183487
0.6269150492	5.8038964272	5.6344199181
0.6269266393	5.8054022789	5.6359148026
0.6269382062	5.8001346588	5.6306838989
0.6269497777	5.7993040085	5.6298584938
0.6269613468	5.7970852852	5.6276550293
0.6269729157	5.7964420319	5.6270165443
0.6269845058	5.7960920334	5.6266689301
0.6269960727	5.7933449745	5.6239404678
0.6270076419	5.7950530052	5.6256370544
0.6270192089	5.7955379486	5.6261186600
0.6270307990	5.7933340073	5.6239295006
0.6270423685	5.7898597717	5.6204795837
0.6270539376	5.7902984619	5.6209149361
0.6270655277	5.7829847336	5.6136517525
0.6270770946	5.7694697380	5.6002292633
0.6270886616	5.7686448097	5.5994100571
0.6271002286	5.7609086037	5.5917267799
0.6271118208	5.7526469231	5.5835223198
0.6271233878	5.7497773170	5.5806722641
0.6271349548	5.7465882301	5.5775055885
0.6271465449	5.7450647354	5.5759921074
0.6271581133	5.7362713814	5.5672593117
0.6271696803	5.7288537025	5.5598926544
0.6271812491	5.7276926041	5.5587396622
0.6271928392	5.7247538567	5.5558209419
0.6272044084	5.7221179008	5.5532026291
0.6272159773	5.7151751518	5.5463080406
0.6272275443	5.7131590843	5.5443058014
0.6272391359	5.7124300003	5.5435814857
0.6272507056	5.7083587646	5.5395383835
0.6272622977	5.7063646317	5.5375576019
0.6272738415	5.7071356773	5.5383238792
0.6272854317	5.6985712051	5.5298180580
0.6272970006	5.6971740723	5.5284304619
0.6273085676	5.6963872910	5.5276494026
0.6273201372	5.6978049278	5.5290570259
0.6273317273	5.6920647621	5.5233564377
0.6273432943	5.6883401871	5.5196576118
0.6273548613	5.6772303581	5.5086240768
0.6273664514	5.6702604294	5.5017018318
0.6273780183	5.6722607613	5.5036883354
0.6273895879	5.6694817543	5.5009284019
0.6274011549	5.6662287712	5.4976978302
0.6274127450	5.6652779579	5.4967536926
0.6274243162	5.6622233391	5.4937200546
0.6274358832	5.6603336334	5.4918432236
0.6274474526	5.6594157219	5.4909315109
0.6274590427	5.6515965462	5.4831662178
0.6274706142	5.6478757858	5.4794712067
0.6274821812	5.6435174942	5.4751424789
0.6274937481	5.6355462074	5.4672260284
0.6275053382	5.6337113380	5.4654040337
0.6275169100	5.6274247169	5.4591603279
0.6275284799	5.6275644302	5.4592990875
0.6275400513	5.6265311241	5.4582729340
0.6275516182	5.6243424416	5.4560990334
0.6275632083	5.6183619499	5.4501595497
0.6275747753	5.6125559807	5.4443936348
0.6275863444	5.6098561287	5.4417123795
0.6275979163	5.6071801186	5.4390549660
0.6276095064	5.5952668190	5.4272236824
0.6276210754	5.5883188248	5.4203233719
0.6276326447	5.5823345184	5.4143800735
0.6276442117	5.5787644386	5.4108347893
0.6276558018	5.5770044327	5.4090862274
0.6276673687	5.5747294426	5.4068274498
0.6276789357	5.5818824768	5.4139313698
0.6276905075	5.5764999390	5.4085855484
0.6277020998	5.5832386017	5.4152779579
0.6277136668	5.5631909370	5.3953680992
0.6277252338	5.5359258652	5.3682904243
0.6277368035	5.5657992363	5.3979582787
0.6277483936	5.5484361649	5.3807144165
0.6277599633	5.5372276306	5.3695831299
0.6277715328	5.5296463966	5.3620538712
0.6277830998	5.5157332420	5.3482365608
0.6277946899	5.5144691467	5.3469810486
0.6278062568	5.5015072823	5.3341083527
0.6278178238	5.5023627281	5.3349575996
0.6278294153	5.4954819679	5.3281240463
0.6278409822	5.4979329109	5.3305583000
0.6278525492	5.4933934212	5.3260502815
0.6278641393	5.4909768105	5.3236503601
0.6278757062	5.4867644310	5.3194665909
0.6278872732	5.4872684479	5.3199672699
0.6278988402	5.4717159271	5.3045215607
0.6279104303	5.4656472206	5.2984948158
0.6279220021	5.4679565430	5.3007879257
0.6279335727	5.4563446045	5.2892560959
0.6279451397	5.4506230354	5.2835736275
0.6279567298	5.4456219673	5.2786068916
0.6279682987	5.4365353584	5.2695827484
0.6279798656	5.4332785606	5.2663483620
0.6279914356	5.4275846481	5.2606935501
0.6280030257	5.4190483093	5.2522158623
0.6280145954	5.4079985619	5.2412424088
0.6280261642	5.3970494270	5.2303681374
0.6280377312	5.3839588165	5.2173671722
0.6280493235	5.3726329803	5.2061195374
0.6280608925	5.3830156326	5.2164306641
0.6280724595	5.3489370346	5.1825861931
0.6280840264	5.3623518944	5.1959090233
0.6280956210	5.3557057381	5.1893086433
0.6281071879	5.3500294685	5.1836709976
0.6281187549	5.3508238792	5.1844601631
0.6281303450	5.3157100677	5.1495876312
0.6281419119	5.3222193718	5.1560521126
0.6281534830	5.3187355995	5.1525926590
0.6281650499	5.3178291321	5.1516923904
0.6281766189	5.3157095909	5.1495871544
0.6281882090	5.3098144531	5.1437325478
0.6281997991	5.3008599281	5.1348395348
0.6282113429	5.2860436440	5.1201248169
0.6282229370	5.2805824280	5.1147017479
0.6282345040	5.2762556076	5.1104040146
0.6282460710	5.2694602013	5.1036558151
0.6282576611	5.2577333450	5.0920095444
0.6282692280	5.2489280701	5.0832643509
0.6282807971	5.2375950813	5.0720090866
0.6282923694	5.2296795845	5.0641479492
0.6283039364	5.2289690971	5.0634422302
0.6283155264	5.2224092484	5.0569281578
0.6283270961	5.2136101723	5.0481891632
0.6283386651	5.2005634308	5.0352325439
0.6283502337	5.1890630722	5.0238108635
0.6283618238	5.1838216782	5.0186052322
0.6283733930	5.1701440811	5.0050215721
0.6283849600	5.1599335670	4.9948811531
0.6283965269	5.1500444412	4.9850602150
0.6284081194	5.1427078247	4.9777741432
0.6284196864	5.1333112717	4.9684419632
0.6284312580	5.1197366714	4.9549608231
0.6284428249	5.1052465439	4.9405703545
0.6284544150	5.0994348526	4.9347987175
0.6284659852	5.0915188789	4.9269366264
0.6284775557	5.0769381523	4.9124565125
0.6284891253	5.0609655380	4.8965935707
0.6285007154	5.0465645790	4.8822917938
0.6285122844	5.0302672386	4.8661060333
0.6285238573	5.0174012184	4.8533287048
0.6285354294	5.0137042999	4.8496570587
0.6285469964	5.0030384064	4.8390641212
0.6285585652	4.9847903252	4.8209414482
0.6285701572	4.9711508751	4.8073959351
0.6285817242	4.9570436478	4.7933855057
0.6285932935	4.9464788437	4.7828931808
0.6286048635	4.9315915108	4.7681083679
0.6286164536	4.9266099930	4.7631611824
0.6286280227	4.9211063385	4.7576951981
0.6286395897	4.9095382690	4.7462067604
0.6286511586	4.8914690018	4.7282614708
0.6286627512	4.8850722313	4.7219085693
0.6286743182	4.8781247139	4.7150087357
0.6286858910	4.8696484566	4.7065906525
0.6286974580	4.8520698547	4.6891331673
0.6287090501	4.8311643600	4.6683712006
0.6287206189	4.8126034737	4.6499376297
0.6287321935	4.7992367744	4.6366629601
0.6287437634	4.7974624634	4.6349010468
0.6287553359	4.7951550484	4.6326093674
0.6287669071	4.7933173180	4.6307840347
0.6287784741	4.7800121307	4.6175704002
0.6287900642	4.7610740662	4.5987625122
0.6288016338	4.7438359261	4.5816431046
0.6288132057	4.7285981178	4.5665097237
0.6288247761	4.7107453346	4.5487799644
0.6288363466	4.6996603012	4.5377707481
0.6288479387	4.6876435280	4.5258364677
0.6288595081	4.6650967598	4.5034446716
0.6288710773	4.6590971947	4.4974861145
0.6288826469	4.6465997696	4.4850749969
0.6288942139	4.6437392235	4.4822340012
0.6289058058	4.6211862564	4.4598360062
0.6289173728	4.5960617065	4.4348835945
0.6289289446	4.5837073326	4.4226140976
0.6289405347	4.5762443542	4.4152030945
0.6289521039	4.5617699623	4.4008278847
0.6289636726	4.5493116379	4.3884553909
0.6289752412	4.5362372398	4.3754706383
0.6289868082	4.5238275528	4.3631458282
0.6289984005	4.5093264580	4.3487448692
0.6290099675	4.4918327332	4.3313713074
0.6290215392	4.4723410606	4.3120131493
0.6290331082	4.4628372192	4.3025746346
0.6290446983	4.4480705261	4.2879095078
0.6290562652	4.4445204735	4.2843842506
0.6290678347	4.4403648376	4.2802567482
0.6290794017	4.4301462173	4.2701086998
0.6290909918	4.4178462029	4.2578930855
0.6291025588	4.4060707092	4.2461981773
0.6291141257	4.4031696320	4.2433171272
0.6291256980	4.4027576447	4.2429084778
0.6291372881	4.3993797302	4.2395534515
0.6291488571	4.3918662071	4.2320914268
0.6291604309	4.3829951286	4.2232813835
0.6291719978	4.3740272522	4.2143750191
0.6291835879	4.3718509674	4.2122135162
0.6291951402	4.3661961555	4.2065978050
0.6292067303	4.3563771248	4.1968460083
0.6292182991	4.3473224640	4.1878538132
0.6292298720	4.3395805359	4.1801652908
0.6292414390	4.3330883980	4.1737174988
0.6292530291	4.3150491714	4.1558022499
0.6292646049	4.3070731163	4.1478810310
0.6292761784	4.2897787094	4.1307053566
0.6292877473	4.2851185799	4.1260776520
0.6292993161	4.2773261070	4.1183381081
0.6293108831	4.2770924568	4.1181063652
0.6293224772	4.2737088203	4.1147460938
0.6293340441	4.2733502388	4.1143898964
0.6293456111	4.2725844383	4.1136293411
0.6293571781	4.2702989578	4.1113595963
0.6293687566	4.2670531273	4.1081361771
0.6293803467	4.2644343376	4.1055350304
0.6293919166	4.2630405426	4.1041512489
0.6294034836	4.2428326607	4.0840821266
0.6294150505	4.2348980904	4.0762019157
0.6294266406	4.2318854332	4.0732097626
0.6294382076	4.2237901688	4.0651702881
0.6294497766	4.2115902901	4.0530543327
0.6294613667	4.2037496567	4.0452675819
0.6294729337	4.1940450668	4.0356292725
0.6294845052	4.1894931793	4.0311093330
0.6294960792	4.1865191460	4.0281553268
0.6295076461	4.1843352318	4.0259866714
0.6295192362	4.1812357903	4.0229082108
0.6295308032	4.1814608574	4.0231318474
0.6295423723	4.1691875458	4.0109429359
0.6295539392	4.1590576172	4.0008826256
0.6295655293	4.1533360481	3.9952001572
0.6295770979	4.1496438980	3.9915335178
0.6295886649	4.1463351250	3.9882473946
0.6296002369	4.1410212517	3.9829699993
0.6296118270	4.1365375519	3.9785172939
0.6296234077	4.1340322495	3.9760291576
0.6296349746	4.1277937889	3.9698333740
0.6296465416	4.1190276146	3.9611277580
0.6296581105	4.1087708473	3.9509410858
0.6296697006	4.1071972847	3.9493787289
0.6296812526	4.1014423370	3.9436631203
0.6296928446	4.0996270180	3.9418604374
0.6297044138	4.0991129875	3.9413497448
0.6297159807	4.0986456871	3.9408857822
0.6297275515	4.0975031853	3.9397511482
0.6297391436	4.0961880684	3.9384453297
0.6297507106	4.0948128700	3.9370794296
0.6297622776	4.0892639160	3.9315683842
0.6297738677	4.0899505615	3.9322502613
0.6297854346	4.0838847160	3.9262263775
0.6297970038	4.0700345039	3.9124710560
0.6298085707	4.0640559196	3.9065337181
0.6298201609	4.0605616570	3.9030632973
0.6298317278	4.0596203804	3.9021284580
0.6298432948	4.0578126907	3.9003334045
0.6298548643	4.0566735268	3.8992018700
0.6298664544	4.0536947250	3.8962435722
0.6298780229	4.0472483635	3.8898413181
0.6298895959	4.0472416878	3.8898348808
0.6299011629	4.0396742821	3.8823194504
0.6299127530	4.0349817276	3.8776590824
0.6299243199	4.0304002762	3.8731091022
0.6299358900	4.0332427025	3.8759322166
0.6299474570	4.0254325867	3.8681757450
0.6299590491	4.0255374908	3.8682796955
0.6299706161	4.0235691071	3.8663249016
0.6299821830	4.0211420059	3.8639144897
0.6299937783	4.0149416924	3.8577568531
0.6300053453	4.0113964081	3.8542358875
0.6300169161	4.0076832771	3.8505485058
0.6300284831	3.9981834888	3.8411140442
0.6300400500	3.9932045937	3.8361692429
0.6300516420	3.9864962101	3.8295068741
0.6300632118	3.9799571037	3.8230125904
0.6300747787	3.9791405201	3.8222017288
0.6300863488	3.9752943516	3.8183820248
0.6300979389	3.9763338566	3.8194143772
0.6301095081	3.9725108147	3.8156175613
0.6301210750	3.9696531296	3.8127794266
0.6301326420	3.9689960480	3.8121268749
0.6301442346	3.9670817852	3.8102257252
0.6301558034	3.9649119377	3.8080708981
0.6301673704	3.9640834332	3.8072481155
0.6301789400	3.9603827000	3.8035726547
0.6301905301	3.9540193081	3.7972531319
0.6302020971	3.9507806301	3.7940366268
0.6302136641	3.9489216805	3.7921905518
0.6302252574	3.9425911903	3.7859034538
0.6302368275	3.9412631989	3.7845847607
0.6302483944	3.9341795444	3.7775495052
0.6302599614	3.9360423088	3.7793996334
0.6302715314	3.9343442917	3.7777132988
0.6302831215	3.9325993061	3.7759802341
0.6302946910	3.9311847687	3.7745754719
0.6303062599	3.9288246632	3.7722315788
0.6303178500	3.9268419743	3.7702624798
0.6303294170	3.9259140491	3.7693409920
0.6303409839	3.9257514477	3.7691793442
0.6303525509	3.9254610538	3.7688910961
0.6303641410	3.9249625206	3.7683959007
0.6303757080	3.9246056080	3.7680416107
0.6303872749	3.9240844250	3.7675240040
0.6303988650	3.9238102436	3.7672514915
0.6304104343	3.9236447811	3.7670872211
0.6304220013	3.9217240810	3.7651796341
0.6304335913	3.9183166027	3.7617957592
0.6304451583	3.9167385101	3.7602283955
0.6304567253	3.9137661457	3.7572762966
0.6304683154	3.9111959934	3.7547240257
0.6304798823	3.9114954472	3.7550213337
0.6304914493	3.9031877518	3.7467708588
0.6305030184	3.8986797333	3.7422935963
0.6305146085	3.9032750130	3.7468574047
0.6305261755	3.9014759064	3.7450706959
0.6305377425	3.8940060139	3.7376520634
0.6305493118	3.8891229630	3.7328026295
0.6305609019	3.8897042274	3.7333798409
0.6305724709	3.8860504627	3.7297513485
0.6305840400	3.8847019672	3.7284119129
0.6305956090	3.8827490807	3.7264726162
0.6306072016	3.8815407753	3.7252726555
0.6306187712	3.8803536892	3.7240934372
0.6306303382	3.8795640469	3.7233095169
0.6306419073	3.8776032925	3.7213621140
0.6306534974	3.8745925426	3.7183721066
0.6306650685	3.8719997406	3.7157971859
0.6306766371	3.8707735538	3.7145791054
0.6306882066	3.8673923016	3.7112212181
0.6306997736	3.8668715954	3.7107040882
0.6307113657	3.8660478592	3.7098860741
0.6307229419	3.8638257980	3.7076792717
0.6307345126	3.8572683334	3.7011668682
0.6307460815	3.8559231758	3.6998310089
0.6307576484	3.8536117077	3.6975352764
0.6307692386	3.8482689857	3.6922295094
0.6307808124	3.8452980518	3.6892788410
0.6307923794	3.8422946930	3.6862959862
0.6308039482	3.8412108421	3.6852197647
0.6308155434	3.8409152031	3.6849262714
0.6308271104	3.8414204121	3.6854279041
0.6308386774	3.8392391205	3.6832616329
0.6308502443	3.8395919800	3.6836118698
0.6308618113	3.8381700516	3.6821997166
0.6308733866	3.8370399475	3.6810777187
0.6308849766	3.8368351460	3.6808741093
0.6308965436	3.8365027905	3.6805441380
0.6309081131	3.8358540535	3.6798999310
0.6309196821	3.8339500427	3.6780087948
0.6309312722	3.8344600201	3.6785151958
0.6309428413	3.8334555626	3.6775176525
0.6309544083	3.8323271275	3.6763970852
0.6309659807	3.8305220604	3.6746044159
0.6309775708	3.8280768394	3.6721758842
0.6309891402	3.8248214722	3.6689431667
0.6310007099	3.8216183186	3.6657617092
0.6310122769	3.8209297657	3.6650781631
0.6310238515	3.8143510818	3.6585445404
0.6310354437	3.8171014786	3.6612761021
0.6310470107	3.8137357235	3.6579334736
0.6310585804	3.8100845814	3.6543073654
0.6310701474	3.8081493378	3.6523854733
0.6310817375	3.8056106567	3.6498641968
0.6310933045	3.8019998074	3.6462781429
0.6311048714	3.8004791737	3.6447679996
0.6311164441	3.7998023033	3.6440956593
0.6311280342	3.8005068302	3.6447954178
0.6311396012	3.7965364456	3.6408522129
0.6311511682	3.7946171761	3.6389462948
0.6311627582	3.7919654846	3.6363127232
0.6311743252	3.7933013439	3.6376392841
0.6311858947	3.7860302925	3.6304185390
0.6311974617	3.7830591202	3.6274676323
0.6312090539	3.7817709446	3.6261882782
0.6312206236	3.7789683342	3.6234049797
0.6312321935	3.7762317657	3.6206872463
0.6312437605	3.7714900970	3.6159780025
0.6312553526	3.7696495056	3.6141500473
0.6312669196	3.7709641457	3.6154556274
0.6312784883	3.7876615524	3.6320383549
0.6312900608	3.7839031219	3.6283056736
0.6313016277	3.7661988735	3.6107232571
0.6313132178	3.7626214027	3.6071701050
0.6313247866	3.7619097233	3.6064634323
0.6313363536	3.7175009251	3.5623598099
0.6313479437	3.7509558201	3.5955848694
0.6313595127	3.7529230118	3.5975387096
0.6313710797	3.7526011467	3.5972187519
0.6313826466	3.7535228729	3.5981342793
0.6313942411	3.7528543472	3.5974702835
0.6314058107	3.7521271706	3.5967483521
0.6314173776	3.7512240410	3.5958511829
0.6314289446	3.7502920628	3.5949256420
0.6314405347	3.7250645161	3.5698714256
0.6314521017	3.7476990223	3.5923504829
0.6314636686	3.7475588322	3.5922112465
0.6314752587	3.7468726635	3.5915298462
0.6314868257	3.7452113628	3.5898799896
0.6314983927	3.7443473339	3.5890219212
0.6315099828	3.7437462807	3.5884249210
0.6315215537	3.7426972389	3.5873830318
0.6315331246	3.7406883240	3.5853879452
0.6315446976	3.7407670021	3.5854659081
0.6315562646	3.7399525642	3.5846571922
0.6315678315	3.7399864197	3.5846908092
0.6315794216	3.7374742031	3.5821959972
0.6315909886	3.7363653183	3.5810945034
0.6316025556	3.7379736900	3.5826919079
0.6316141457	3.7335174084	3.5782663822
0.6316257126	3.7305910587	3.5753600597
0.6316372796	3.7318685055	3.5766286850
0.6316488697	3.7278492451	3.5726370811
0.6316604404	3.7215507030	3.5663816929
0.6316720091	3.7221210003	3.5669481754
0.6316835760	3.7185316086	3.5633833408
0.6316951661	3.7180256844	3.5628809929
0.6317067331	3.7192811966	3.5641279221
0.6317183072	3.7181079388	3.5629625320
0.6317298828	3.7159311771	3.5608007908
0.6317414549	3.7133660316	3.5582535267
0.6317530284	3.7123105526	3.5572049618
0.6317645980	3.7117486000	3.5566470623
0.6317761698	3.7122764587	3.5571711063
0.6317877405	3.7047004700	3.5496473312
0.6317993306	3.7079429626	3.5528674126
0.6318108992	3.7084939480	3.5534145832
0.6318224706	3.7084996700	3.5534205437
0.6318340375	3.7082479000	3.5531704426
0.6318456304	3.7079932690	3.5529174805
0.6318572016	3.7077898979	3.5527155399
0.6318687728	3.7078917027	3.5528166294
0.6318803398	3.7067289352	3.5516619682
0.6318919082	3.7071518898	3.5520818233
0.6319034983	3.7070968151	3.5520272255
0.6319150653	3.7069785595	3.5519096851
20
0.6319266361	3.7067162991	3.5516493320
0.6319382031	3.7065246105	3.5514588356
0.6319497982	3.7063138485	3.5512497425
0.6319613652	3.7057409286	3.5506806374
0.6319729578	3.7049579620	3.5499029160
0.6319845016	3.7041847706	3.5491352081
0.6319960726	3.7032246590	3.5481815338
